Workbook
Name animales: #REF!

Sheet Parametros
A1: Apellido y Nombre | B1: Cargar Apellido
A2: Legajo | B2: ingrese legajo
A8: Horarios | B8: Estacion Año | D8: Diurnos | F8: Nocturnos
B9: Desde | C9: hasta | D9: Desde | E9: Hasta | F9: Desde | G9: Hasta
A10: Verano | B10: 1221 | C10: 320 | D10: 0.375 | E10: 0.95833333 | F10: 0.95902778 | G10: 0.37430556
A11: otoño | B11: 321 | C11: 620 | D11: 0.41666667 | E11: 0.875 | F11: 0.87569444 | G11: 0.41597222
A12: Invierno | B12: 621 | C12: 920 | D12: 0.41666667 | E12: 0.89583333 | F12: 0.89652778 | G12: 0.41597222
A13: Primavera | B13: 921 | C13: 1220 | D13: 0.35416667 | E13: 0.9375 | F13: 0.93819444 | G13: 0.35347222
A16: Aeropuertos | B16: CODIGO | D16: Autor Planilla | E16: Contacto | F16: Puesto
A17: El Palomar | B17: EPA | D17: Ayelen Bertora | E17: ayelenbertora@flybondi.com | F17: TCP
A18: Bahía Blanca | B18: BHI
A19: Bariloche | B19: BRC | D19: Aviones
A20: Corrientes | B20: CNQ | D20: Nombre | E20: Codigo
A21: Córdoba | B21: COR | D21: avion 1 | E21: LV-HKN
A22: Puerto Iguazú | B22: IGR | D22: avion 2 | E22: LV-KAH
A23: Perico | B23: JUJ | D23: avion 3 | E23: LV-KAY
A24: Mendoza | B24: MDZ | D24: avion 4 | E24: LV-KCD
A25: Neuquén | B25: NQN | D25: avion 5 | E25: LV-KCE
A26: Posadas | B26: PSS | D26: avion 6 | E26: LV-KDQ
A27: Trelew | B27: REL | D27: avion 7 | E27: LV-KDR
A28: Resistencia | B28: RES | D28: avion 8 | E28: LV-KEH
A29: Rosario | B29: ROS | D29: avion 9 | E29: LV-KDR
A30: Santiago del Estero | B30: SDE | D30: avion 10 | E30: LV-KEG
A31: Salta | B31: SLA | D31: avion 11 | E31: LV-KEH
... A60: El Calafate - Santa Cruz | B60: FTE | D60: avion 40 | E60: AGREGAR MATRICULA
A61: Gobernador Gregores - Santa Cruz | B61: GGS
A62: Gualeguaychú - Entre Ríos | B62: GHU
A63: General Roca - Río Negro | B63: GNR
A64: General Pico - La Pampa | B64: GPO
A65: Chos Malal - Neuquén | B65: HOS
A66: Ingeniero Jacobacci - Río Negro | B66: IGB
A67: La Rioja - La Rioja | B67: IRJ
A68: Junín - Buenos Aires | B68: JNI
A69: José de San Martín - Chubut | B69: JSM
A70: La Cumbre - Córdoba | B70: LCM
A71: Loncopué - Neuquén | B71: LCP
A72: Malargüe - Mendoza | B72: LGS
... A141: Nuevo aeropuerto | B141: CODIGO NUEVO

Sheet TOTALES MENSUALES
A2: TOTALES MENSUALES
A4: AÑO | B4: MES | C4: TOTAL TV | D4: TOTAL TSV | E4: TV ADIC 45 | F4: Fecha
A5: =YEAR(F5) -> 2024 | B5: =MONTH(F5) -> 1 | C5: =SUMIFS('TOTALES DIARIOS'!$G$4:$G$508,'TOTALES DIARIOS'!$L$4:$L$508,'TOTALES MENSUALES'!B5,'TOTALES DIARIOS'!$K$4:$K$508,'TOTALES MENSUALES'!A5) -> 1.5 | D5: =SUMIFS('TOTALES DIARIOS'!$H$4:$H$508,'TOTALES DIARIOS'!$L$4:$L$508,'TOTALES MENSUALES'!B5,'TOTALES DIARIOS'!$K$4:$K$508,'TOTALES MENSUALES'!A5) -> 2.5 | E5: =IF(C5>45,C5-45,0) -> 0 | F5: =DATEVALUE(CONCATENATE(1,"/",MONTH('TOTALES DIARIOS'!A4),"/",YEAR('TOTALES DIARIOS'!A4))) -> 45292
A6: =YEAR(F6) -> 2024 | B6: =MONTH(F6) -> 2 | C6: =SUMIFS('TOTALES DIARIOS'!$G$4:$G$508,'TOTALES DIARIOS'!$L$4:$L$508,'TOTALES MENSUALES'!B6,'TOTALES DIARIOS'!$K$4:$K$508,'TOTALES MENSUALES'!A6) -> 0 | D6: =SUMIFS('TOTALES DIARIOS'!$H$4:$H$508,'TOTALES DIARIOS'!$L$4:$L$508,'TOTALES MENSUALES'!B6,'TOTALES DIARIOS'!$K$4:$K$508,'TOTALES MENSUALES'!A6) -> 0 | E6: =IF(C6>45,C6-45,0) -> 0 | F6: =DATE(A5,B5,32) -> 45323
A7: =YEAR(F7) -> 2024 | B7: =MONTH(F7) -> 3 | C7: =SUMIFS('TOTALES DIARIOS'!$G$4:$G$508,'TOTALES DIARIOS'!$L$4:$L$508,'TOTALES MENSUALES'!B7,'TOTALES DIARIOS'!$K$4:$K$508,'TOTALES MENSUALES'!A7) -> 0 | D7: =SUMIFS('TOTALES DIARIOS'!$H$4:$H$508,'TOTALES DIARIOS'!$L$4:$L$508,'TOTALES MENSUALES'!B7,'TOTALES DIARIOS'!$K$4:$K$508,'TOTALES MENSUALES'!A7) -> 0 | E7: =IF(C7>45,C7-45,0) -> 0 | F7: =F6+31 -> 45354
A8: =YEAR(F8) -> 2024 | B8: =MONTH(F8) -> 4 | C8: =SUMIFS('TOTALES DIARIOS'!$G$4:$G$508,'TOTALES DIARIOS'!$L$4:$L$508,'TOTALES MENSUALES'!B8,'TOTALES DIARIOS'!$K$4:$K$508,'TOTALES MENSUALES'!A8) -> 0 | D8: =SUMIFS('TOTALES DIARIOS'!$H$4:$H$508,'TOTALES DIARIOS'!$L$4:$L$508,'TOTALES MENSUALES'!B8,'TOTALES DIARIOS'!$K$4:$K$508,'TOTALES MENSUALES'!A8) -> 0 | E8: =IF(C8>45,C8-45,0) -> 0 | F8: =F7+31 -> 45385
A9: =YEAR(F9) -> 2024 | B9: =MONTH(F9) -> 5 | C9: =SUMIFS('TOTALES DIARIOS'!$G$4:$G$508,'TOTALES DIARIOS'!$L$4:$L$508,'TOTALES MENSUALES'!B9,'TOTALES DIARIOS'!$K$4:$K$508,'TOTALES MENSUALES'!A9) -> 0 | D9: =SUMIFS('TOTALES DIARIOS'!$H$4:$H$508,'TOTALES DIARIOS'!$L$4:$L$508,'TOTALES MENSUALES'!B9,'TOTALES DIARIOS'!$K$4:$K$508,'TOTALES MENSUALES'!A9) -> 0 | E9: =IF(C9>45,C9-45,0) -> 0 | F9: =F8+31 -> 45416
A10: =YEAR(F10) -> 2024 | B10: =MONTH(F10) -> 6 | C10: =SUMIFS('TOTALES DIARIOS'!$G$4:$G$508,'TOTALES DIARIOS'!$L$4:$L$508,'TOTALES MENSUALES'!B10,'TOTALES DIARIOS'!$K$4:$K$508,'TOTALES MENSUALES'!A10) -> 0 | D10: =SUMIFS('TOTALES DIARIOS'!$H$4:$H$508,'TOTALES DIARIOS'!$L$4:$L$508,'TOTALES MENSUALES'!B10,'TOTALES DIARIOS'!$K$4:$K$508,'TOTALES MENSUALES'!A10) -> 0 | E10: =IF(C10>45,C10-45,0) -> 0 | F10: =F9+31 -> 45447
A11: =YEAR(F11) -> 2024 | B11: =MONTH(F11) -> 7 | C11: =SUMIFS('TOTALES DIARIOS'!$G$4:$G$508,'TOTALES DIARIOS'!$L$4:$L$508,'TOTALES MENSUALES'!B11,'TOTALES DIARIOS'!$K$4:$K$508,'TOTALES MENSUALES'!A11) -> 0 | D11: =SUMIFS('TOTALES DIARIOS'!$H$4:$H$508,'TOTALES DIARIOS'!$L$4:$L$508,'TOTALES MENSUALES'!B11,'TOTALES DIARIOS'!$K$4:$K$508,'TOTALES MENSUALES'!A11) -> 0 | E11: =IF(C11>45,C11-45,0) -> 0 | F11: =F10+31 -> 45478
A12: =YEAR(F12) -> 2024 | B12: =MONTH(F12) -> 8 | C12: =SUMIFS('TOTALES DIARIOS'!$G$4:$G$508,'TOTALES DIARIOS'!$L$4:$L$508,'TOTALES MENSUALES'!B12,'TOTALES DIARIOS'!$K$4:$K$508,'TOTALES MENSUALES'!A12) -> 0 | D12: =SUMIFS('TOTALES DIARIOS'!$H$4:$H$508,'TOTALES DIARIOS'!$L$4:$L$508,'TOTALES MENSUALES'!B12,'TOTALES DIARIOS'!$K$4:$K$508,'TOTALES MENSUALES'!A12) -> 0 | E12: =IF(C12>45,C12-45,0) -> 0 | F12: =F11+31 -> 45509
A13: =YEAR(F13) -> 2024 | B13: =MONTH(F13) -> 9 | C13: =SUMIFS('TOTALES DIARIOS'!$G$4:$G$508,'TOTALES DIARIOS'!$L$4:$L$508,'TOTALES MENSUALES'!B13,'TOTALES DIARIOS'!$K$4:$K$508,'TOTALES MENSUALES'!A13) -> 0 | D13: =SUMIFS('TOTALES DIARIOS'!$H$4:$H$508,'TOTALES DIARIOS'!$L$4:$L$508,'TOTALES MENSUALES'!B13,'TOTALES DIARIOS'!$K$4:$K$508,'TOTALES MENSUALES'!A13) -> 0 | E13: =IF(C13>45,C13-45,0) -> 0 | F13: =F12+31 -> 45540
A14: =YEAR(F14) -> 2024 | B14: =MONTH(F14) -> 10 | C14: =SUMIFS('TOTALES DIARIOS'!$G$4:$G$508,'TOTALES DIARIOS'!$L$4:$L$508,'TOTALES MENSUALES'!B14,'TOTALES DIARIOS'!$K$4:$K$508,'TOTALES MENSUALES'!A14) -> 0 | D14: =SUMIFS('TOTALES DIARIOS'!$H$4:$H$508,'TOTALES DIARIOS'!$L$4:$L$508,'TOTALES MENSUALES'!B14,'TOTALES DIARIOS'!$K$4:$K$508,'TOTALES MENSUALES'!A14) -> 0 | E14: =IF(C14>45,C14-45,0) -> 0 | F14: =F13+31 -> 45571
A15: =YEAR(F15) -> 2024 | B15: =MONTH(F15) -> 11 | C15: =SUMIFS('TOTALES DIARIOS'!$G$4:$G$508,'TOTALES DIARIOS'!$L$4:$L$508,'TOTALES MENSUALES'!B15,'TOTALES DIARIOS'!$K$4:$K$508,'TOTALES MENSUALES'!A15) -> 0 | D15: =SUMIFS('TOTALES DIARIOS'!$H$4:$H$508,'TOTALES DIARIOS'!$L$4:$L$508,'TOTALES MENSUALES'!B15,'TOTALES DIARIOS'!$K$4:$K$508,'TOTALES MENSUALES'!A15) -> 0 | E15: =IF(C15>45,C15-45,0) -> 0 | F15: =F14+31 -> 45602
A16: =YEAR(F16) -> 2024 | B16: =MONTH(F16) -> 12 | C16: =SUMIFS('TOTALES DIARIOS'!$G$4:$G$508,'TOTALES DIARIOS'!$L$4:$L$508,'TOTALES MENSUALES'!B16,'TOTALES DIARIOS'!$K$4:$K$508,'TOTALES MENSUALES'!A16) -> 0 | D16: =SUMIFS('TOTALES DIARIOS'!$H$4:$H$508,'TOTALES DIARIOS'!$L$4:$L$508,'TOTALES MENSUALES'!B16,'TOTALES DIARIOS'!$K$4:$K$508,'TOTALES MENSUALES'!A16) -> 0 | E16: =IF(C16>45,C16-45,0) -> 0 | F16: =F15+31 -> 45633
A17: =YEAR(F17) -> 2025 | B17: =MONTH(F17) -> 1 | C17: =SUMIFS('TOTALES DIARIOS'!$G$4:$G$508,'TOTALES DIARIOS'!$L$4:$L$508,'TOTALES MENSUALES'!B17,'TOTALES DIARIOS'!$K$4:$K$508,'TOTALES MENSUALES'!A17) -> 0 | D17: =SUMIFS('TOTALES DIARIOS'!$H$4:$H$508,'TOTALES DIARIOS'!$L$4:$L$508,'TOTALES MENSUALES'!B17,'TOTALES DIARIOS'!$K$4:$K$508,'TOTALES MENSUALES'!A17) -> 0 | E17: =IF(C17>45,C17-45,0) -> 0 | F17: =F16+31 -> 45664
A18: =YEAR(F18) -> 2025 | B18: =MONTH(F18) -> 2 | C18: =SUMIFS('TOTALES DIARIOS'!$G$4:$G$508,'TOTALES DIARIOS'!$L$4:$L$508,'TOTALES MENSUALES'!B18,'TOTALES DIARIOS'!$K$4:$K$508,'TOTALES MENSUALES'!A18) -> 0 | D18: =SUMIFS('TOTALES DIARIOS'!$H$4:$H$508,'TOTALES DIARIOS'!$L$4:$L$508,'TOTALES MENSUALES'!B18,'TOTALES DIARIOS'!$K$4:$K$508,'TOTALES MENSUALES'!A18) -> 0 | E18: =IF(C18>45,C18-45,0) -> 0 | F18: =F17+31 -> 45695
... A40: =YEAR(F40) -> 2026 | B40: =MONTH(F40) -> 12 | C40: =SUMIFS('TOTALES DIARIOS'!$G$4:$G$508,'TOTALES DIARIOS'!$L$4:$L$508,'TOTALES MENSUALES'!B40,'TOTALES DIARIOS'!$K$4:$K$508,'TOTALES MENSUALES'!A40) -> 0 | D40: =SUMIFS('TOTALES DIARIOS'!$H$4:$H$508,'TOTALES DIARIOS'!$L$4:$L$508,'TOTALES MENSUALES'!B40,'TOTALES DIARIOS'!$K$4:$K$508,'TOTALES MENSUALES'!A40) -> 0 | E40: =IF(C40>45,C40-45,0) -> 0 | F40: =F39+31 -> 46377

Sheet TOTALES DIARIOS
A1: TOTALES DIARIOS
I2: columnas auxiliares | M2: Auxiliares | T2: Tabla de descansos | AA2: Diurnos | AC2: Nocturnos
A3: Fecha | B3: Horario Presentación | C3: Primer Despegue | D3: Último Aterrizaje | E3: TOTAL TV DIURNO | F3: TOTAL TV NOCTURNO | G3: Total TV | H3: Total TSV | I3: HUBO ACTIVIDAD | J3: Dias de servicios | K3: AÑO | L3: MES | M3: Min Despegue | N3: Min Despegue al proximo dia | O3: Primer aterrizaje del dia mayor al primer despegue | P3: MAX ATERRIZAJE MENOR AL DESPEGUE | Q3: Primer despegue | R3: Ultimo aterrizaje | S3: Aterrizaje Nocturno | T3: DURACIÓN DEL TIEMPO DE SERVICIO INMEDIATO PRECEDENTE | U3: DESCANSO EN BASE O FUERA DE BASE | V3: DESCANSO NOCTURNO NORMAL INTERRUMPIDO | Y3: Dia | Z3: Mes | AA3: Desde | AB3: Hasta | AC3: Desde | AD3: Hasta | AE3: Estacion
A4: =Consolidado!A6 -> 45292 | B4: =IF(G4=0,"",C4-"1:00") -> 0 | C4: =Q4 -> 0.041666667 | D4: =R4 -> 0.083333333 | E4: =SUMIF(Consolidado!$A$6:$A$380,'TOTALES DIARIOS'!A4,Consolidado!$E$6:$E$380) -> 0 | F4: =SUMIF(Consolidado!$A$6:$A$380,'TOTALES DIARIOS'!A4,Consolidado!$F$6:$F$380) -> 1.5 | G4: =SUMIF(Consolidado!$A$6:$A$380,'TOTALES DIARIOS'!A4,Consolidado!$G$6:$G$380) -> 1.5 | H4: =IF(B4="",0,IF(B4<D4,D4-B4+"0:30","24:00"-B4+D4+"0:30"))*24 -> 2.5 | I4: =IF(G4<>0,1,0) -> 1 | J4: =IF(H4=0,0,IF((D4-"3:30")>(C4-"3:30"),1,2)) -> 1 | K4: =YEAR(A4) -> 2024 | L4: =MONTH(A4) -> 1 | M4: {=MIN(IF(Consolidado!$A$6:$A$1000='TOTALES DIARIOS'!A4,IF(Consolidado!$C$6:$C$1000>TIMEVALUE("07:00"),Consolidado!$C$6:$C$1000,1)))} -> 1 | N4: {=MIN(IF(Consolidado!$A$6:$A$1000='TOTALES DIARIOS'!A4,IF(Consolidado!$C$6:$C$1000<=M4,Consolidado!$C$6:$C$1000,1)))} -> 0.041666667 | O4: {=MAX(IF(Consolidado!$A$6:$A$1000='TOTALES DIARIOS'!A4,IF(Consolidado!$D$6:$D$1000>=M4,Consolidado!$D$6:$D$1000,0)))} -> 0 | P4: {=MAX(IF(Consolidado!$A$6:$A$1000='TOTALES DIARIOS'!A4,IF(Consolidado!$D$6:$D$1000<=M4,Consolidado!$D$6:$D$1000,0)))} -> 0.083333333 | Q4: =IF(M4<>1,MAX(M4,N4),N4) -> 0.041666667 | R4: =IF(O4=0,P4,IF(P4=0,O4,MIN(P4,O4))) -> 0.083333333 | S4: =IF(D4>AB4,"SI","NO") -> NO | T4: 2 | U4: 8 | V4: 10 | Y4: =CONCATENATE(REPT("0",2-LEN(DAY(A4))),DAY(A4)) -> 01 | Z4: =CONCATENATE(REPT("0",2-LEN(MONTH(A4))),MONTH(A4)) -> 01 | AA4: =IFERROR(VLOOKUP(AE4,Parametros!$A$10:$G$13,4,0),0) -> 0.375 | AB4: =IFERROR(VLOOKUP(AE4,Parametros!$A$10:$G$13,5,0),0) -> 0.95833333 | AC4: =IFERROR(VLOOKUP(AE4,Parametros!$A$10:$G$13,6,0),0) -> 0.95902778 | AD4: =IFERROR(VLOOKUP(AE4,Parametros!$A$10:$G$13,7,0),0) -> 0.37430556 | AE4: =IF(AND(VALUE(CONCATENATE(Z4,Y4))>=Parametros!$B$11,VALUE(CONCATENATE(Z4,Y4))<=Parametros!$C$11),Parametros!$A$11,IF(AND(VALUE(CONCATENATE(Z4,Y4))>=Parametros!$B$12,VALUE(CONCATENATE(Z4,Y4))<=Parametros!$C$12),Parametros!$A$12,IF(AND(VALUE(CONCATENATE(Z4,Y4))>=Parametros!$B$13,VALUE(CONCATENATE(Z4,Y4))<=Parametros!$C$13),Parametros!$A$13,Parametros!$A$10))) -> Verano
A5: =IFERROR(A4+1,"") -> 45293 | B5: =IF(G5=0,"",C5-"1:00") | C5: =Q5 -> 0 | D5: =R5 -> 0 | E5: =SUMIF(Consolidado!$A$6:$A$380,'TOTALES DIARIOS'!A5,Consolidado!$E$6:$E$380) -> 0 | F5: =SUMIF(Consolidado!$A$6:$A$380,'TOTALES DIARIOS'!A5,Consolidado!$F$6:$F$380) -> 0 | G5: =SUMIF(Consolidado!$A$6:$A$380,'TOTALES DIARIOS'!A5,Consolidado!$G$6:$G$380) -> 0 | H5: =IF(B5="",0,IF(B5<D5,D5-B5+"0:30","24:00"-B5+D5+"0:30"))*24 -> 0 | I5: =IF(G5<>0,1,0) -> 0 | J5: =IF(H5=0,0,IF((D5-"3:30")>(C5-"3:30"),1,2)) -> 0 | K5: =YEAR(A5) -> 2024 | L5: =MONTH(A5) -> 1 | M5: {=MIN(IF(Consolidado!$A$6:$A$1000='TOTALES DIARIOS'!A5,IF(Consolidado!$C$6:$C$1000>TIMEVALUE("07:00"),Consolidado!$C$6:$C$1000,1)))} -> 0 | N5: {=MIN(IF(Consolidado!$A$6:$A$1000='TOTALES DIARIOS'!A5,IF(Consolidado!$C$6:$C$1000<=M5,Consolidado!$C$6:$C$1000,1)))} -> 0 | O5: {=MAX(IF(Consolidado!$A$6:$A$1000='TOTALES DIARIOS'!A5,IF(Consolidado!$D$6:$D$1000>=M5,Consolidado!$D$6:$D$1000,0)))} -> 0 | P5: {=MAX(IF(Consolidado!$A$6:$A$1000='TOTALES DIARIOS'!A5,IF(Consolidado!$D$6:$D$1000<=M5,Consolidado!$D$6:$D$1000,0)))} -> 0 | Q5: =IF(M5<>1,MAX(M5,N5),N5) -> 0 | R5: =IF(O5=0,P5,IF(P5=0,O5,MIN(P5,O5))) -> 0 | S5: =IF(D5>AB5,"SI","NO") -> NO | T5: 3 | U5: 8 | V5: 10 | Y5: =CONCATENATE(REPT("0",2-LEN(DAY(A5))),DAY(A5)) -> 02 | Z5: =CONCATENATE(REPT("0",2-LEN(MONTH(A5))),MONTH(A5)) -> 01 | AA5: =IFERROR(VLOOKUP(AE5,Parametros!$A$10:$G$13,4,0),0) -> 0.375 | AB5: =IFERROR(VLOOKUP(AE5,Parametros!$A$10:$G$13,5,0),0) -> 0.95833333 | AC5: =IFERROR(VLOOKUP(AE5,Parametros!$A$10:$G$13,6,0),0) -> 0.95902778 | AD5: =IFERROR(VLOOKUP(AE5,Parametros!$A$10:$G$13,7,0),0) -> 0.37430556 | AE5: =IF(AND(VALUE(CONCATENATE(Z5,Y5))>=Parametros!$B$11,VALUE(CONCATENATE(Z5,Y5))<=Parametros!$C$11),Parametros!$A$11,IF(AND(VALUE(CONCATENATE(Z5,Y5))>=Parametros!$B$12,VALUE(CONCATENATE(Z5,Y5))<=Parametros!$C$12),Parametros!$A$12,IF(AND(VALUE(CONCATENATE(Z5,Y5))>=Parametros!$B$13,VALUE(CONCATENATE(Z5,Y5))<=Parametros!$C$13),Parametros!$A$13,Parametros!$A$10))) -> Verano
A6: =IFERROR(A5+1,"") -> 45294 | B6: =IF(G6=0,"",C6-"1:00") | C6: =Q6 -> 0 | D6: =R6 -> 0 | E6: =SUMIF(Consolidado!$A$6:$A$380,'TOTALES DIARIOS'!A6,Consolidado!$E$6:$E$380) -> 0 | F6: =SUMIF(Consolidado!$A$6:$A$380,'TOTALES DIARIOS'!A6,Consolidado!$F$6:$F$380) -> 0 | G6: =SUMIF(Consolidado!$A$6:$A$380,'TOTALES DIARIOS'!A6,Consolidado!$G$6:$G$380) -> 0 | H6: =IF(B6="",0,IF(B6<D6,D6-B6+"0:30","24:00"-B6+D6+"0:30"))*24 -> 0 | I6: =IF(G6<>0,1,0) -> 0 | J6: =IF(H6=0,0,IF((D6-"3:30")>(C6-"3:30"),1,2)) -> 0 | K6: =YEAR(A6) -> 2024 | L6: =MONTH(A6) -> 1 | M6: {=MIN(IF(Consolidado!$A$6:$A$1000='TOTALES DIARIOS'!A6,IF(Consolidado!$C$6:$C$1000>TIMEVALUE("07:00"),Consolidado!$C$6:$C$1000,1)))} -> 0 | N6: {=MIN(IF(Consolidado!$A$6:$A$1000='TOTALES DIARIOS'!A6,IF(Consolidado!$C$6:$C$1000<=M6,Consolidado!$C$6:$C$1000,1)))} -> 0 | O6: {=MAX(IF(Consolidado!$A$6:$A$1000='TOTALES DIARIOS'!A6,IF(Consolidado!$D$6:$D$1000>=M6,Consolidado!$D$6:$D$1000,0)))} -> 0 | P6: {=MAX(IF(Consolidado!$A$6:$A$1000='TOTALES DIARIOS'!A6,IF(Consolidado!$D$6:$D$1000<=M6,Consolidado!$D$6:$D$1000,0)))} -> 0 | Q6: =IF(M6<>1,MAX(M6,N6),N6) -> 0 | R6: =IF(O6=0,P6,IF(P6=0,O6,MIN(P6,O6))) -> 0 | S6: =IF(D6>AB6,"SI","NO") -> NO | T6: 4 | U6: 8 | V6: 10 | Y6: =CONCATENATE(REPT("0",2-LEN(DAY(A6))),DAY(A6)) -> 03 | Z6: =CONCATENATE(REPT("0",2-LEN(MONTH(A6))),MONTH(A6)) -> 01 | AA6: =IFERROR(VLOOKUP(AE6,Parametros!$A$10:$G$13,4,0),0) -> 0.375 | AB6: =IFERROR(VLOOKUP(AE6,Parametros!$A$10:$G$13,5,0),0) -> 0.95833333 | AC6: =IFERROR(VLOOKUP(AE6,Parametros!$A$10:$G$13,6,0),0) -> 0.95902778 | AD6: =IFERROR(VLOOKUP(AE6,Parametros!$A$10:$G$13,7,0),0) -> 0.37430556 | AE6: =IF(AND(VALUE(CONCATENATE(Z6,Y6))>=Parametros!$B$11,VALUE(CONCATENATE(Z6,Y6))<=Parametros!$C$11),Parametros!$A$11,IF(AND(VALUE(CONCATENATE(Z6,Y6))>=Parametros!$B$12,VALUE(CONCATENATE(Z6,Y6))<=Parametros!$C$12),Parametros!$A$12,IF(AND(VALUE(CONCATENATE(Z6,Y6))>=Parametros!$B$13,VALUE(CONCATENATE(Z6,Y6))<=Parametros!$C$13),Parametros!$A$13,Parametros!$A$10))) -> Verano
A7: =IFERROR(A6+1,"") -> 45295 | B7: =IF(G7=0,"",C7-"1:00") | C7: =Q7 -> 0 | D7: =R7 -> 0 | E7: =SUMIF(Consolidado!$A$6:$A$380,'TOTALES DIARIOS'!A7,Consolidado!$E$6:$E$380) -> 0 | F7: =SUMIF(Consolidado!$A$6:$A$380,'TOTALES DIARIOS'!A7,Consolidado!$F$6:$F$380) -> 0 | G7: =SUMIF(Consolidado!$A$6:$A$380,'TOTALES DIARIOS'!A7,Consolidado!$G$6:$G$380) -> 0 | H7: =IF(B7="",0,IF(B7<D7,D7-B7+"0:30","24:00"-B7+D7+"0:30"))*24 -> 0 | I7: =IF(G7<>0,1,0) -> 0 | J7: =IF(H7=0,0,IF((D7-"3:30")>(C7-"3:30"),1,2)) -> 0 | K7: =YEAR(A7) -> 2024 | L7: =MONTH(A7) -> 1 | M7: {=MIN(IF(Consolidado!$A$6:$A$1000='TOTALES DIARIOS'!A7,IF(Consolidado!$C$6:$C$1000>TIMEVALUE("07:00"),Consolidado!$C$6:$C$1000,1)))} -> 0 | N7: {=MIN(IF(Consolidado!$A$6:$A$1000='TOTALES DIARIOS'!A7,IF(Consolidado!$C$6:$C$1000<=M7,Consolidado!$C$6:$C$1000,1)))} -> 0 | O7: {=MAX(IF(Consolidado!$A$6:$A$1000='TOTALES DIARIOS'!A7,IF(Consolidado!$D$6:$D$1000>=M7,Consolidado!$D$6:$D$1000,0)))} -> 0 | P7: {=MAX(IF(Consolidado!$A$6:$A$1000='TOTALES DIARIOS'!A7,IF(Consolidado!$D$6:$D$1000<=M7,Consolidado!$D$6:$D$1000,0)))} -> 0 | Q7: =IF(M7<>1,MAX(M7,N7),N7) -> 0 | R7: =IF(O7=0,P7,IF(P7=0,O7,MIN(P7,O7))) -> 0 | S7: =IF(D7>AB7,"SI","NO") -> NO | T7: 5 | U7: 8 | V7: 10 | Y7: =CONCATENATE(REPT("0",2-LEN(DAY(A7))),DAY(A7)) -> 04 | Z7: =CONCATENATE(REPT("0",2-LEN(MONTH(A7))),MONTH(A7)) -> 01 | AA7: =IFERROR(VLOOKUP(AE7,Parametros!$A$10:$G$13,4,0),0) -> 0.375 | AB7: =IFERROR(VLOOKUP(AE7,Parametros!$A$10:$G$13,5,0),0) -> 0.95833333 | AC7: =IFERROR(VLOOKUP(AE7,Parametros!$A$10:$G$13,6,0),0) -> 0.95902778 | AD7: =IFERROR(VLOOKUP(AE7,Parametros!$A$10:$G$13,7,0),0) -> 0.37430556 | AE7: =IF(AND(VALUE(CONCATENATE(Z7,Y7))>=Parametros!$B$11,VALUE(CONCATENATE(Z7,Y7))<=Parametros!$C$11),Parametros!$A$11,IF(AND(VALUE(CONCATENATE(Z7,Y7))>=Parametros!$B$12,VALUE(CONCATENATE(Z7,Y7))<=Parametros!$C$12),Parametros!$A$12,IF(AND(VALUE(CONCATENATE(Z7,Y7))>=Parametros!$B$13,VALUE(CONCATENATE(Z7,Y7))<=Parametros!$C$13),Parametros!$A$13,Parametros!$A$10))) -> Verano
A8: =IFERROR(A7+1,"") -> 45296 | B8: =IF(G8=0,"",C8-"1:00") | C8: =Q8 -> 0 | D8: =R8 -> 0 | E8: =SUMIF(Consolidado!$A$6:$A$380,'TOTALES DIARIOS'!A8,Consolidado!$E$6:$E$380) -> 0 | F8: =SUMIF(Consolidado!$A$6:$A$380,'TOTALES DIARIOS'!A8,Consolidado!$F$6:$F$380) -> 0 | G8: =SUMIF(Consolidado!$A$6:$A$380,'TOTALES DIARIOS'!A8,Consolidado!$G$6:$G$380) -> 0 | H8: =IF(B8="",0,IF(B8<D8,D8-B8+"0:30","24:00"-B8+D8+"0:30"))*24 -> 0 | I8: =IF(G8<>0,1,0) -> 0 | J8: =IF(H8=0,0,IF((D8-"3:30")>(C8-"3:30"),1,2)) -> 0 | K8: =YEAR(A8) -> 2024 | L8: =MONTH(A8) -> 1 | M8: {=MIN(IF(Consolidado!$A$6:$A$1000='TOTALES DIARIOS'!A8,IF(Consolidado!$C$6:$C$1000>TIMEVALUE("07:00"),Consolidado!$C$6:$C$1000,1)))} -> 0 | N8: {=MIN(IF(Consolidado!$A$6:$A$1000='TOTALES DIARIOS'!A8,IF(Consolidado!$C$6:$C$1000<=M8,Consolidado!$C$6:$C$1000,1)))} -> 0 | O8: {=MAX(IF(Consolidado!$A$6:$A$1000='TOTALES DIARIOS'!A8,IF(Consolidado!$D$6:$D$1000>=M8,Consolidado!$D$6:$D$1000,0)))} -> 0 | P8: {=MAX(IF(Consolidado!$A$6:$A$1000='TOTALES DIARIOS'!A8,IF(Consolidado!$D$6:$D$1000<=M8,Consolidado!$D$6:$D$1000,0)))} -> 0 | Q8: =IF(M8<>1,MAX(M8,N8),N8) -> 0 | R8: =IF(O8=0,P8,IF(P8=0,O8,MIN(P8,O8))) -> 0 | S8: =IF(D8>AB8,"SI","NO") -> NO | T8: 6 | U8: 8 | V8: 10 | Y8: =CONCATENATE(REPT("0",2-LEN(DAY(A8))),DAY(A8)) -> 05 | Z8: =CONCATENATE(REPT("0",2-LEN(MONTH(A8))),MONTH(A8)) -> 01 | AA8: =IFERROR(VLOOKUP(AE8,Parametros!$A$10:$G$13,4,0),0) -> 0.375 | AB8: =IFERROR(VLOOKUP(AE8,Parametros!$A$10:$G$13,5,0),0) -> 0.95833333 | AC8: =IFERROR(VLOOKUP(AE8,Parametros!$A$10:$G$13,6,0),0) -> 0.95902778 | AD8: =IFERROR(VLOOKUP(AE8,Parametros!$A$10:$G$13,7,0),0) -> 0.37430556 | AE8: =IF(AND(VALUE(CONCATENATE(Z8,Y8))>=Parametros!$B$11,VALUE(CONCATENATE(Z8,Y8))<=Parametros!$C$11),Parametros!$A$11,IF(AND(VALUE(CONCATENATE(Z8,Y8))>=Parametros!$B$12,VALUE(CONCATENATE(Z8,Y8))<=Parametros!$C$12),Parametros!$A$12,IF(AND(VALUE(CONCATENATE(Z8,Y8))>=Parametros!$B$13,VALUE(CONCATENATE(Z8,Y8))<=Parametros!$C$13),Parametros!$A$13,Parametros!$A$10))) -> Verano
A9: =IFERROR(A8+1,"") -> 45297 | B9: =IF(G9=0,"",C9-"1:00") | C9: =Q9 -> 0 | D9: =R9 -> 0 | E9: =SUMIF(Consolidado!$A$6:$A$380,'TOTALES DIARIOS'!A9,Consolidado!$E$6:$E$380) -> 0 | F9: =SUMIF(Consolidado!$A$6:$A$380,'TOTALES DIARIOS'!A9,Consolidado!$F$6:$F$380) -> 0 | G9: =SUMIF(Consolidado!$A$6:$A$380,'TOTALES DIARIOS'!A9,Consolidado!$G$6:$G$380) -> 0 | H9: =IF(B9="",0,IF(B9<D9,D9-B9+"0:30","24:00"-B9+D9+"0:30"))*24 -> 0 | I9: =IF(G9<>0,1,0) -> 0 | J9: =IF(H9=0,0,IF((D9-"3:30")>(C9-"3:30"),1,2)) -> 0 | K9: =YEAR(A9) -> 2024 | L9: =MONTH(A9) -> 1 | M9: {=MIN(IF(Consolidado!$A$6:$A$1000='TOTALES DIARIOS'!A9,IF(Consolidado!$C$6:$C$1000>TIMEVALUE("07:00"),Consolidado!$C$6:$C$1000,1)))} -> 0 | N9: {=MIN(IF(Consolidado!$A$6:$A$1000='TOTALES DIARIOS'!A9,IF(Consolidado!$C$6:$C$1000<=M9,Consolidado!$C$6:$C$1000,1)))} -> 0 | O9: {=MAX(IF(Consolidado!$A$6:$A$1000='TOTALES DIARIOS'!A9,IF(Consolidado!$D$6:$D$1000>=M9,Consolidado!$D$6:$D$1000,0)))} -> 0 | P9: {=MAX(IF(Consolidado!$A$6:$A$1000='TOTALES DIARIOS'!A9,IF(Consolidado!$D$6:$D$1000<=M9,Consolidado!$D$6:$D$1000,0)))} -> 0 | Q9: =IF(M9<>1,MAX(M9,N9),N9) -> 0 | R9: =IF(O9=0,P9,IF(P9=0,O9,MIN(P9,O9))) -> 0 | S9: =IF(D9>AB9,"SI","NO") -> NO | T9: 7 | U9: 10 | V9: 12 | Y9: =CONCATENATE(REPT("0",2-LEN(DAY(A9))),DAY(A9)) -> 06 | Z9: =CONCATENATE(REPT("0",2-LEN(MONTH(A9))),MONTH(A9)) -> 01 | AA9: =IFERROR(VLOOKUP(AE9,Parametros!$A$10:$G$13,4,0),0) -> 0.375 | AB9: =IFERROR(VLOOKUP(AE9,Parametros!$A$10:$G$13,5,0),0) -> 0.95833333 | AC9: =IFERROR(VLOOKUP(AE9,Parametros!$A$10:$G$13,6,0),0) -> 0.95902778 | AD9: =IFERROR(VLOOKUP(AE9,Parametros!$A$10:$G$13,7,0),0) -> 0.37430556 | AE9: =IF(AND(VALUE(CONCATENATE(Z9,Y9))>=Parametros!$B$11,VALUE(CONCATENATE(Z9,Y9))<=Parametros!$C$11),Parametros!$A$11,IF(AND(VALUE(CONCATENATE(Z9,Y9))>=Parametros!$B$12,VALUE(CONCATENATE(Z9,Y9))<=Parametros!$C$12),Parametros!$A$12,IF(AND(VALUE(CONCATENATE(Z9,Y9))>=Parametros!$B$13,VALUE(CONCATENATE(Z9,Y9))<=Parametros!$C$13),Parametros!$A$13,Parametros!$A$10))) -> Verano
A10: =IFERROR(A9+1,"") -> 45298 | B10: =IF(G10=0,"",C10-"1:00") | C10: =Q10 -> 0 | D10: =R10 -> 0 | E10: =SUMIF(Consolidado!$A$6:$A$380,'TOTALES DIARIOS'!A10,Consolidado!$E$6:$E$380) -> 0 | F10: =SUMIF(Consolidado!$A$6:$A$380,'TOTALES DIARIOS'!A10,Consolidado!$F$6:$F$380) -> 0 | G10: =SUMIF(Consolidado!$A$6:$A$380,'TOTALES DIARIOS'!A10,Consolidado!$G$6:$G$380) -> 0 | H10: =IF(B10="",0,IF(B10<D10,D10-B10+"0:30","24:00"-B10+D10+"0:30"))*24 -> 0 | I10: =IF(G10<>0,1,0) -> 0 | J10: =IF(H10=0,0,IF((D10-"3:30")>(C10-"3:30"),1,2)) -> 0 | K10: =YEAR(A10) -> 2024 | L10: =MONTH(A10) -> 1 | M10: {=MIN(IF(Consolidado!$A$6:$A$1000='TOTALES DIARIOS'!A10,IF(Consolidado!$C$6:$C$1000>TIMEVALUE("07:00"),Consolidado!$C$6:$C$1000,1)))} -> 0 | N10: {=MIN(IF(Consolidado!$A$6:$A$1000='TOTALES DIARIOS'!A10,IF(Consolidado!$C$6:$C$1000<=M10,Consolidado!$C$6:$C$1000,1)))} -> 0 | O10: {=MAX(IF(Consolidado!$A$6:$A$1000='TOTALES DIARIOS'!A10,IF(Consolidado!$D$6:$D$1000>=M10,Consolidado!$D$6:$D$1000,0)))} -> 0 | P10: {=MAX(IF(Consolidado!$A$6:$A$1000='TOTALES DIARIOS'!A10,IF(Consolidado!$D$6:$D$1000<=M10,Consolidado!$D$6:$D$1000,0)))} -> 0 | Q10: =IF(M10<>1,MAX(M10,N10),N10) -> 0 | R10: =IF(O10=0,P10,IF(P10=0,O10,MIN(P10,O10))) -> 0 | S10: =IF(D10>AB10,"SI","NO") -> NO | T10: 8 | U10: 10 | V10: 12 | Y10: =CONCATENATE(REPT("0",2-LEN(DAY(A10))),DAY(A10)) -> 07 | Z10: =CONCATENATE(REPT("0",2-LEN(MONTH(A10))),MONTH(A10)) -> 01 | AA10: =IFERROR(VLOOKUP(AE10,Parametros!$A$10:$G$13,4,0),0) -> 0.375 | AB10: =IFERROR(VLOOKUP(AE10,Parametros!$A$10:$G$13,5,0),0) -> 0.95833333 | AC10: =IFERROR(VLOOKUP(AE10,Parametros!$A$10:$G$13,6,0),0) -> 0.95902778 | AD10: =IFERROR(VLOOKUP(AE10,Parametros!$A$10:$G$13,7,0),0) -> 0.37430556 | AE10: =IF(AND(VALUE(CONCATENATE(Z10,Y10))>=Parametros!$B$11,VALUE(CONCATENATE(Z10,Y10))<=Parametros!$C$11),Parametros!$A$11,IF(AND(VALUE(CONCATENATE(Z10,Y10))>=Parametros!$B$12,VALUE(CONCATENATE(Z10,Y10))<=Parametros!$C$12),Parametros!$A$12,IF(AND(VALUE(CONCATENATE(Z10,Y10))>=Parametros!$B$13,VALUE(CONCATENATE(Z10,Y10))<=Parametros!$C$13),Parametros!$A$13,Parametros!$A$10))) -> Verano
A11: =IFERROR(A10+1,"") -> 45299 | B11: =IF(G11=0,"",C11-"1:00") | C11: =Q11 -> 0 | D11: =R11 -> 0 | E11: =SUMIF(Consolidado!$A$6:$A$380,'TOTALES DIARIOS'!A11,Consolidado!$E$6:$E$380) -> 0 | F11: =SUMIF(Consolidado!$A$6:$A$380,'TOTALES DIARIOS'!A11,Consolidado!$F$6:$F$380) -> 0 | G11: =SUMIF(Consolidado!$A$6:$A$380,'TOTALES DIARIOS'!A11,Consolidado!$G$6:$G$380) -> 0 | H11: =IF(B11="",0,IF(B11<D11,D11-B11+"0:30","24:00"-B11+D11+"0:30"))*24 -> 0 | I11: =IF(G11<>0,1,0) -> 0 | J11: =IF(H11=0,0,IF((D11-"3:30")>(C11-"3:30"),1,2)) -> 0 | K11: =YEAR(A11) -> 2024 | L11: =MONTH(A11) -> 1 | M11: {=MIN(IF(Consolidado!$A$6:$A$1000='TOTALES DIARIOS'!A11,IF(Consolidado!$C$6:$C$1000>TIMEVALUE("07:00"),Consolidado!$C$6:$C$1000,1)))} -> 0 | N11: {=MIN(IF(Consolidado!$A$6:$A$1000='TOTALES DIARIOS'!A11,IF(Consolidado!$C$6:$C$1000<=M11,Consolidado!$C$6:$C$1000,1)))} -> 0 | O11: {=MAX(IF(Consolidado!$A$6:$A$1000='TOTALES DIARIOS'!A11,IF(Consolidado!$D$6:$D$1000>=M11,Consolidado!$D$6:$D$1000,0)))} -> 0 | P11: {=MAX(IF(Consolidado!$A$6:$A$1000='TOTALES DIARIOS'!A11,IF(Consolidado!$D$6:$D$1000<=M11,Consolidado!$D$6:$D$1000,0)))} -> 0 | Q11: =IF(M11<>1,MAX(M11,N11),N11) -> 0 | R11: =IF(O11=0,P11,IF(P11=0,O11,MIN(P11,O11))) -> 0 | S11: =IF(D11>AB11,"SI","NO") -> NO | T11: 9 | U11: 11 | V11: 13 | Y11: =CONCATENATE(REPT("0",2-LEN(DAY(A11))),DAY(A11)) -> 08 | Z11: =CONCATENATE(REPT("0",2-LEN(MONTH(A11))),MONTH(A11)) -> 01 | AA11: =IFERROR(VLOOKUP(AE11,Parametros!$A$10:$G$13,4,0),0) -> 0.375 | AB11: =IFERROR(VLOOKUP(AE11,Parametros!$A$10:$G$13,5,0),0) -> 0.95833333 | AC11: =IFERROR(VLOOKUP(AE11,Parametros!$A$10:$G$13,6,0),0) -> 0.95902778 | AD11: =IFERROR(VLOOKUP(AE11,Parametros!$A$10:$G$13,7,0),0) -> 0.37430556 | AE11: =IF(AND(VALUE(CONCATENATE(Z11,Y11))>=Parametros!$B$11,VALUE(CONCATENATE(Z11,Y11))<=Parametros!$C$11),Parametros!$A$11,IF(AND(VALUE(CONCATENATE(Z11,Y11))>=Parametros!$B$12,VALUE(CONCATENATE(Z11,Y11))<=Parametros!$C$12),Parametros!$A$12,IF(AND(VALUE(CONCATENATE(Z11,Y11))>=Parametros!$B$13,VALUE(CONCATENATE(Z11,Y11))<=Parametros!$C$13),Parametros!$A$13,Parametros!$A$10))) -> Verano
A12: =IFERROR(A11+1,"") -> 45300 | B12: =IF(G12=0,"",C12-"1:00") | C12: =Q12 -> 0 | D12: =R12 -> 0 | E12: =SUMIF(Consolidado!$A$6:$A$380,'TOTALES DIARIOS'!A12,Consolidado!$E$6:$E$380) -> 0 | F12: =SUMIF(Consolidado!$A$6:$A$380,'TOTALES DIARIOS'!A12,Consolidado!$F$6:$F$380) -> 0 | G12: =SUMIF(Consolidado!$A$6:$A$380,'TOTALES DIARIOS'!A12,Consolidado!$G$6:$G$380) -> 0 | H12: =IF(B12="",0,IF(B12<D12,D12-B12+"0:30","24:00"-B12+D12+"0:30"))*24 -> 0 | I12: =IF(G12<>0,1,0) -> 0 | J12: =IF(H12=0,0,IF((D12-"3:30")>(C12-"3:30"),1,2)) -> 0 | K12: =YEAR(A12) -> 2024 | L12: =MONTH(A12) -> 1 | M12: {=MIN(IF(Consolidado!$A$6:$A$1000='TOTALES DIARIOS'!A12,IF(Consolidado!$C$6:$C$1000>TIMEVALUE("07:00"),Consolidado!$C$6:$C$1000,1)))} -> 0 | N12: {=MIN(IF(Consolidado!$A$6:$A$1000='TOTALES DIARIOS'!A12,IF(Consolidado!$C$6:$C$1000<=M12,Consolidado!$C$6:$C$1000,1)))} -> 0 | O12: {=MAX(IF(Consolidado!$A$6:$A$1000='TOTALES DIARIOS'!A12,IF(Consolidado!$D$6:$D$1000>=M12,Consolidado!$D$6:$D$1000,0)))} -> 0 | P12: {=MAX(IF(Consolidado!$A$6:$A$1000='TOTALES DIARIOS'!A12,IF(Consolidado!$D$6:$D$1000<=M12,Consolidado!$D$6:$D$1000,0)))} -> 0 | Q12: =IF(M12<>1,MAX(M12,N12),N12) -> 0 | R12: =IF(O12=0,P12,IF(P12=0,O12,MIN(P12,O12))) -> 0 | S12: =IF(D12>AB12,"SI","NO") -> NO | T12: 10 | U12: 12 | V12: 14 | Y12: =CONCATENATE(REPT("0",2-LEN(DAY(A12))),DAY(A12)) -> 09 | Z12: =CONCATENATE(REPT("0",2-LEN(MONTH(A12))),MONTH(A12)) -> 01 | AA12: =IFERROR(VLOOKUP(AE12,Parametros!$A$10:$G$13,4,0),0) -> 0.375 | AB12: =IFERROR(VLOOKUP(AE12,Parametros!$A$10:$G$13,5,0),0) -> 0.95833333 | AC12: =IFERROR(VLOOKUP(AE12,Parametros!$A$10:$G$13,6,0),0) -> 0.95902778 | AD12: =IFERROR(VLOOKUP(AE12,Parametros!$A$10:$G$13,7,0),0) -> 0.37430556 | AE12: =IF(AND(VALUE(CONCATENATE(Z12,Y12))>=Parametros!$B$11,VALUE(CONCATENATE(Z12,Y12))<=Parametros!$C$11),Parametros!$A$11,IF(AND(VALUE(CONCATENATE(Z12,Y12))>=Parametros!$B$12,VALUE(CONCATENATE(Z12,Y12))<=Parametros!$C$12),Parametros!$A$12,IF(AND(VALUE(CONCATENATE(Z12,Y12))>=Parametros!$B$13,VALUE(CONCATENATE(Z12,Y12))<=Parametros!$C$13),Parametros!$A$13,Parametros!$A$10))) -> Verano
A13: =IFERROR(A12+1,"") -> 45301 | B13: =IF(G13=0,"",C13-"1:00") | C13: =Q13 -> 0 | D13: =R13 -> 0 | E13: =SUMIF(Consolidado!$A$6:$A$380,'TOTALES DIARIOS'!A13,Consolidado!$E$6:$E$380) -> 0 | F13: =SUMIF(Consolidado!$A$6:$A$380,'TOTALES DIARIOS'!A13,Consolidado!$F$6:$F$380) -> 0 | G13: =SUMIF(Consolidado!$A$6:$A$380,'TOTALES DIARIOS'!A13,Consolidado!$G$6:$G$380) -> 0 | H13: =IF(B13="",0,IF(B13<D13,D13-B13+"0:30","24:00"-B13+D13+"0:30"))*24 -> 0 | I13: =IF(G13<>0,1,0) -> 0 | J13: =IF(H13=0,0,IF((D13-"3:30")>(C13-"3:30"),1,2)) -> 0 | K13: =YEAR(A13) -> 2024 | L13: =MONTH(A13) -> 1 | M13: {=MIN(IF(Consolidado!$A$6:$A$1000='TOTALES DIARIOS'!A13,IF(Consolidado!$C$6:$C$1000>TIMEVALUE("07:00"),Consolidado!$C$6:$C$1000,1)))} -> 0 | N13: {=MIN(IF(Consolidado!$A$6:$A$1000='TOTALES DIARIOS'!A13,IF(Consolidado!$C$6:$C$1000<=M13,Consolidado!$C$6:$C$1000,1)))} -> 0 | O13: {=MAX(IF(Consolidado!$A$6:$A$1000='TOTALES DIARIOS'!A13,IF(Consolidado!$D$6:$D$1000>=M13,Consolidado!$D$6:$D$1000,0)))} -> 0 | P13: {=MAX(IF(Consolidado!$A$6:$A$1000='TOTALES DIARIOS'!A13,IF(Consolidado!$D$6:$D$1000<=M13,Consolidado!$D$6:$D$1000,0)))} -> 0 | Q13: =IF(M13<>1,MAX(M13,N13),N13) -> 0 | R13: =IF(O13=0,P13,IF(P13=0,O13,MIN(P13,O13))) -> 0 | S13: =IF(D13>AB13,"SI","NO") -> NO | T13: 11 | U13: 13 | V13: 15 | Y13: =CONCATENATE(REPT("0",2-LEN(DAY(A13))),DAY(A13)) -> 10 | Z13: =CONCATENATE(REPT("0",2-LEN(MONTH(A13))),MONTH(A13)) -> 01 | AA13: =IFERROR(VLOOKUP(AE13,Parametros!$A$10:$G$13,4,0),0) -> 0.375 | AB13: =IFERROR(VLOOKUP(AE13,Parametros!$A$10:$G$13,5,0),0) -> 0.95833333 | AC13: =IFERROR(VLOOKUP(AE13,Parametros!$A$10:$G$13,6,0),0) -> 0.95902778 | AD13: =IFERROR(VLOOKUP(AE13,Parametros!$A$10:$G$13,7,0),0) -> 0.37430556 | AE13: =IF(AND(VALUE(CONCATENATE(Z13,Y13))>=Parametros!$B$11,VALUE(CONCATENATE(Z13,Y13))<=Parametros!$C$11),Parametros!$A$11,IF(AND(VALUE(CONCATENATE(Z13,Y13))>=Parametros!$B$12,VALUE(CONCATENATE(Z13,Y13))<=Parametros!$C$12),Parametros!$A$12,IF(AND(VALUE(CONCATENATE(Z13,Y13))>=Parametros!$B$13,VALUE(CONCATENATE(Z13,Y13))<=Parametros!$C$13),Parametros!$A$13,Parametros!$A$10))) -> Verano
A14: =IFERROR(A13+1,"") -> 45302 | B14: =IF(G14=0,"",C14-"1:00") | C14: =Q14 -> 0 | D14: =R14 -> 0 | E14: =SUMIF(Consolidado!$A$6:$A$380,'TOTALES DIARIOS'!A14,Consolidado!$E$6:$E$380) -> 0 | F14: =SUMIF(Consolidado!$A$6:$A$380,'TOTALES DIARIOS'!A14,Consolidado!$F$6:$F$380) -> 0 | G14: =SUMIF(Consolidado!$A$6:$A$380,'TOTALES DIARIOS'!A14,Consolidado!$G$6:$G$380) -> 0 | H14: =IF(B14="",0,IF(B14<D14,D14-B14+"0:30","24:00"-B14+D14+"0:30"))*24 -> 0 | I14: =IF(G14<>0,1,0) -> 0 | J14: =IF(H14=0,0,IF((D14-"3:30")>(C14-"3:30"),1,2)) -> 0 | K14: =YEAR(A14) -> 2024 | L14: =MONTH(A14) -> 1 | M14: {=MIN(IF(Consolidado!$A$6:$A$1000='TOTALES DIARIOS'!A14,IF(Consolidado!$C$6:$C$1000>TIMEVALUE("07:00"),Consolidado!$C$6:$C$1000,1)))} -> 0 | N14: {=MIN(IF(Consolidado!$A$6:$A$1000='TOTALES DIARIOS'!A14,IF(Consolidado!$C$6:$C$1000<=M14,Consolidado!$C$6:$C$1000,1)))} -> 0 | O14: {=MAX(IF(Consolidado!$A$6:$A$1000='TOTALES DIARIOS'!A14,IF(Consolidado!$D$6:$D$1000>=M14,Consolidado!$D$6:$D$1000,0)))} -> 0 | P14: {=MAX(IF(Consolidado!$A$6:$A$1000='TOTALES DIARIOS'!A14,IF(Consolidado!$D$6:$D$1000<=M14,Consolidado!$D$6:$D$1000,0)))} -> 0 | Q14: =IF(M14<>1,MAX(M14,N14),N14) -> 0 | R14: =IF(O14=0,P14,IF(P14=0,O14,MIN(P14,O14))) -> 0 | S14: =IF(D14>AB14,"SI","NO") -> NO | T14: 12 | U14: 14 | V14: 16 | Y14: =CONCATENATE(REPT("0",2-LEN(DAY(A14))),DAY(A14)) -> 11 | Z14: =CONCATENATE(REPT("0",2-LEN(MONTH(A14))),MONTH(A14)) -> 01 | AA14: =IFERROR(VLOOKUP(AE14,Parametros!$A$10:$G$13,4,0),0) -> 0.375 | AB14: =IFERROR(VLOOKUP(AE14,Parametros!$A$10:$G$13,5,0),0) -> 0.95833333 | AC14: =IFERROR(VLOOKUP(AE14,Parametros!$A$10:$G$13,6,0),0) -> 0.95902778 | AD14: =IFERROR(VLOOKUP(AE14,Parametros!$A$10:$G$13,7,0),0) -> 0.37430556 | AE14: =IF(AND(VALUE(CONCATENATE(Z14,Y14))>=Parametros!$B$11,VALUE(CONCATENATE(Z14,Y14))<=Parametros!$C$11),Parametros!$A$11,IF(AND(VALUE(CONCATENATE(Z14,Y14))>=Parametros!$B$12,VALUE(CONCATENATE(Z14,Y14))<=Parametros!$C$12),Parametros!$A$12,IF(AND(VALUE(CONCATENATE(Z14,Y14))>=Parametros!$B$13,VALUE(CONCATENATE(Z14,Y14))<=Parametros!$C$13),Parametros!$A$13,Parametros!$A$10))) -> Verano
A15: =IFERROR(A14+1,"") -> 45303 | B15: =IF(G15=0,"",C15-"1:00") | C15: =Q15 -> 0 | D15: =R15 -> 0 | E15: =SUMIF(Consolidado!$A$6:$A$380,'TOTALES DIARIOS'!A15,Consolidado!$E$6:$E$380) -> 0 | F15: =SUMIF(Consolidado!$A$6:$A$380,'TOTALES DIARIOS'!A15,Consolidado!$F$6:$F$380) -> 0 | G15: =SUMIF(Consolidado!$A$6:$A$380,'TOTALES DIARIOS'!A15,Consolidado!$G$6:$G$380) -> 0 | H15: =IF(B15="",0,IF(B15<D15,D15-B15+"0:30","24:00"-B15+D15+"0:30"))*24 -> 0 | I15: =IF(G15<>0,1,0) -> 0 | J15: =IF(H15=0,0,IF((D15-"3:30")>(C15-"3:30"),1,2)) -> 0 | K15: =YEAR(A15) -> 2024 | L15: =MONTH(A15) -> 1 | M15: {=MIN(IF(Consolidado!$A$6:$A$1000='TOTALES DIARIOS'!A15,IF(Consolidado!$C$6:$C$1000>TIMEVALUE("07:00"),Consolidado!$C$6:$C$1000,1)))} -> 0 | N15: {=MIN(IF(Consolidado!$A$6:$A$1000='TOTALES DIARIOS'!A15,IF(Consolidado!$C$6:$C$1000<=M15,Consolidado!$C$6:$C$1000,1)))} -> 0 | O15: {=MAX(IF(Consolidado!$A$6:$A$1000='TOTALES DIARIOS'!A15,IF(Consolidado!$D$6:$D$1000>=M15,Consolidado!$D$6:$D$1000,0)))} -> 0 | P15: {=MAX(IF(Consolidado!$A$6:$A$1000='TOTALES DIARIOS'!A15,IF(Consolidado!$D$6:$D$1000<=M15,Consolidado!$D$6:$D$1000,0)))} -> 0 | Q15: =IF(M15<>1,MAX(M15,N15),N15) -> 0 | R15: =IF(O15=0,P15,IF(P15=0,O15,MIN(P15,O15))) -> 0 | S15: =IF(D15>AB15,"SI","NO") -> NO | T15: 13 | U15: 15 | V15: 16 | Y15: =CONCATENATE(REPT("0",2-LEN(DAY(A15))),DAY(A15)) -> 12 | Z15: =CONCATENATE(REPT("0",2-LEN(MONTH(A15))),MONTH(A15)) -> 01 | AA15: =IFERROR(VLOOKUP(AE15,Parametros!$A$10:$G$13,4,0),0) -> 0.375 | AB15: =IFERROR(VLOOKUP(AE15,Parametros!$A$10:$G$13,5,0),0) -> 0.95833333 | AC15: =IFERROR(VLOOKUP(AE15,Parametros!$A$10:$G$13,6,0),0) -> 0.95902778 | AD15: =IFERROR(VLOOKUP(AE15,Parametros!$A$10:$G$13,7,0),0) -> 0.37430556 | AE15: =IF(AND(VALUE(CONCATENATE(Z15,Y15))>=Parametros!$B$11,VALUE(CONCATENATE(Z15,Y15))<=Parametros!$C$11),Parametros!$A$11,IF(AND(VALUE(CONCATENATE(Z15,Y15))>=Parametros!$B$12,VALUE(CONCATENATE(Z15,Y15))<=Parametros!$C$12),Parametros!$A$12,IF(AND(VALUE(CONCATENATE(Z15,Y15))>=Parametros!$B$13,VALUE(CONCATENATE(Z15,Y15))<=Parametros!$C$13),Parametros!$A$13,Parametros!$A$10))) -> Verano
A16: =IFERROR(A15+1,"") -> 45304 | B16: =IF(G16=0,"",C16-"1:00") | C16: =Q16 -> 0 | D16: =R16 -> 0 | E16: =SUMIF(Consolidado!$A$6:$A$380,'TOTALES DIARIOS'!A16,Consolidado!$E$6:$E$380) -> 0 | F16: =SUMIF(Consolidado!$A$6:$A$380,'TOTALES DIARIOS'!A16,Consolidado!$F$6:$F$380) -> 0 | G16: =SUMIF(Consolidado!$A$6:$A$380,'TOTALES DIARIOS'!A16,Consolidado!$G$6:$G$380) -> 0 | H16: =IF(B16="",0,IF(B16<D16,D16-B16+"0:30","24:00"-B16+D16+"0:30"))*24 -> 0 | I16: =IF(G16<>0,1,0) -> 0 | J16: =IF(H16=0,0,IF((D16-"3:30")>(C16-"3:30"),1,2)) -> 0 | K16: =YEAR(A16) -> 2024 | L16: =MONTH(A16) -> 1 | M16: {=MIN(IF(Consolidado!$A$6:$A$1000='TOTALES DIARIOS'!A16,IF(Consolidado!$C$6:$C$1000>TIMEVALUE("07:00"),Consolidado!$C$6:$C$1000,1)))} -> 0 | N16: {=MIN(IF(Consolidado!$A$6:$A$1000='TOTALES DIARIOS'!A16,IF(Consolidado!$C$6:$C$1000<=M16,Consolidado!$C$6:$C$1000,1)))} -> 0 | O16: {=MAX(IF(Consolidado!$A$6:$A$1000='TOTALES DIARIOS'!A16,IF(Consolidado!$D$6:$D$1000>=M16,Consolidado!$D$6:$D$1000,0)))} -> 0 | P16: {=MAX(IF(Consolidado!$A$6:$A$1000='TOTALES DIARIOS'!A16,IF(Consolidado!$D$6:$D$1000<=M16,Consolidado!$D$6:$D$1000,0)))} -> 0 | Q16: =IF(M16<>1,MAX(M16,N16),N16) -> 0 | R16: =IF(O16=0,P16,IF(P16=0,O16,MIN(P16,O16))) -> 0 | S16: =IF(D16>AB16,"SI","NO") -> NO | T16: 14 | U16: 16 | V16: 17 | Y16: =CONCATENATE(REPT("0",2-LEN(DAY(A16))),DAY(A16)) -> 13 | Z16: =CONCATENATE(REPT("0",2-LEN(MONTH(A16))),MONTH(A16)) -> 01 | AA16: =IFERROR(VLOOKUP(AE16,Parametros!$A$10:$G$13,4,0),0) -> 0.375 | AB16: =IFERROR(VLOOKUP(AE16,Parametros!$A$10:$G$13,5,0),0) -> 0.95833333 | AC16: =IFERROR(VLOOKUP(AE16,Parametros!$A$10:$G$13,6,0),0) -> 0.95902778 | AD16: =IFERROR(VLOOKUP(AE16,Parametros!$A$10:$G$13,7,0),0) -> 0.37430556 | AE16: =IF(AND(VALUE(CONCATENATE(Z16,Y16))>=Parametros!$B$11,VALUE(CONCATENATE(Z16,Y16))<=Parametros!$C$11),Parametros!$A$11,IF(AND(VALUE(CONCATENATE(Z16,Y16))>=Parametros!$B$12,VALUE(CONCATENATE(Z16,Y16))<=Parametros!$C$12),Parametros!$A$12,IF(AND(VALUE(CONCATENATE(Z16,Y16))>=Parametros!$B$13,VALUE(CONCATENATE(Z16,Y16))<=Parametros!$C$13),Parametros!$A$13,Parametros!$A$10))) -> Verano
... A18: =IFERROR(A17+1,"") -> 45306 | B18: =IF(G18=0,"",C18-"1:00") | C18: =Q18 -> 0 | D18: =R18 -> 0 | E18: =SUMIF(Consolidado!$A$6:$A$380,'TOTALES DIARIOS'!A18,Consolidado!$E$6:$E$380) -> 0 | F18: =SUMIF(Consolidado!$A$6:$A$380,'TOTALES DIARIOS'!A18,Consolidado!$F$6:$F$380) -> 0 | G18: =SUMIF(Consolidado!$A$6:$A$380,'TOTALES DIARIOS'!A18,Consolidado!$G$6:$G$380) -> 0 | H18: =IF(B18="",0,IF(B18<D18,D18-B18+"0:30","24:00"-B18+D18+"0:30"))*24 -> 0 | I18: =IF(G18<>0,1,0) -> 0 | J18: =IF(H18=0,0,IF((D18-"3:30")>(C18-"3:30"),1,2)) -> 0 | K18: =YEAR(A18) -> 2024 | L18: =MONTH(A18) -> 1 | M18: {=MIN(IF(Consolidado!$A$6:$A$1000='TOTALES DIARIOS'!A18,IF(Consolidado!$C$6:$C$1000>TIMEVALUE("07:00"),Consolidado!$C$6:$C$1000,1)))} -> 0 | N18: {=MIN(IF(Consolidado!$A$6:$A$1000='TOTALES DIARIOS'!A18,IF(Consolidado!$C$6:$C$1000<=M18,Consolidado!$C$6:$C$1000,1)))} -> 0 | O18: {=MAX(IF(Consolidado!$A$6:$A$1000='TOTALES DIARIOS'!A18,IF(Consolidado!$D$6:$D$1000>=M18,Consolidado!$D$6:$D$1000,0)))} -> 0 | P18: {=MAX(IF(Consolidado!$A$6:$A$1000='TOTALES DIARIOS'!A18,IF(Consolidado!$D$6:$D$1000<=M18,Consolidado!$D$6:$D$1000,0)))} -> 0 | Q18: =IF(M18<>1,MAX(M18,N18),N18) -> 0 | R18: =IF(O18=0,P18,IF(P18=0,O18,MIN(P18,O18))) -> 0 | S18: =IF(D18>AB18,"SI","NO") -> NO | T18: 16 | U18: 18 | V18: 18 | Y18: =CONCATENATE(REPT("0",2-LEN(DAY(A18))),DAY(A18)) -> 15 | Z18: =CONCATENATE(REPT("0",2-LEN(MONTH(A18))),MONTH(A18)) -> 01 | AA18: =IFERROR(VLOOKUP(AE18,Parametros!$A$10:$G$13,4,0),0) -> 0.375 | AB18: =IFERROR(VLOOKUP(AE18,Parametros!$A$10:$G$13,5,0),0) -> 0.95833333 | AC18: =IFERROR(VLOOKUP(AE18,Parametros!$A$10:$G$13,6,0),0) -> 0.95902778 | AD18: =IFERROR(VLOOKUP(AE18,Parametros!$A$10:$G$13,7,0),0) -> 0.37430556 | AE18: =IF(AND(VALUE(CONCATENATE(Z18,Y18))>=Parametros!$B$11,VALUE(CONCATENATE(Z18,Y18))<=Parametros!$C$11),Parametros!$A$11,IF(AND(VALUE(CONCATENATE(Z18,Y18))>=Parametros!$B$12,VALUE(CONCATENATE(Z18,Y18))<=Parametros!$C$12),Parametros!$A$12,IF(AND(VALUE(CONCATENATE(Z18,Y18))>=Parametros!$B$13,VALUE(CONCATENATE(Z18,Y18))<=Parametros!$C$13),Parametros!$A$13,Parametros!$A$10))) -> Verano
A19: =IFERROR(A18+1,"") -> 45307 | B19: =IF(G19=0,"",C19-"1:00") | C19: =Q19 -> 0 | D19: =R19 -> 0 | E19: =SUMIF(Consolidado!$A$6:$A$380,'TOTALES DIARIOS'!A19,Consolidado!$E$6:$E$380) -> 0 | F19: =SUMIF(Consolidado!$A$6:$A$380,'TOTALES DIARIOS'!A19,Consolidado!$F$6:$F$380) -> 0 | G19: =SUMIF(Consolidado!$A$6:$A$380,'TOTALES DIARIOS'!A19,Consolidado!$G$6:$G$380) -> 0 | H19: =IF(B19="",0,IF(B19<D19,D19-B19+"0:30","24:00"-B19+D19+"0:30"))*24 -> 0 | I19: =IF(G19<>0,1,0) -> 0 | J19: =IF(H19=0,0,IF((D19-"3:30")>(C19-"3:30"),1,2)) -> 0 | K19: =YEAR(A19) -> 2024 | L19: =MONTH(A19) -> 1 | M19: {=MIN(IF(Consolidado!$A$6:$A$1000='TOTALES DIARIOS'!A19,IF(Consolidado!$C$6:$C$1000>TIMEVALUE("07:00"),Consolidado!$C$6:$C$1000,1)))} -> 0 | N19: {=MIN(IF(Consolidado!$A$6:$A$1000='TOTALES DIARIOS'!A19,IF(Consolidado!$C$6:$C$1000<=M19,Consolidado!$C$6:$C$1000,1)))} -> 0 | O19: {=MAX(IF(Consolidado!$A$6:$A$1000='TOTALES DIARIOS'!A19,IF(Consolidado!$D$6:$D$1000>=M19,Consolidado!$D$6:$D$1000,0)))} -> 0 | P19: {=MAX(IF(Consolidado!$A$6:$A$1000='TOTALES DIARIOS'!A19,IF(Consolidado!$D$6:$D$1000<=M19,Consolidado!$D$6:$D$1000,0)))} -> 0 | Q19: =IF(M19<>1,MAX(M19,N19),N19) -> 0 | R19: =IF(O19=0,P19,IF(P19=0,O19,MIN(P19,O19))) -> 0 | S19: =IF(D19>AB19,"SI","NO") -> NO | T19: 17 | U19: 20 | V19: 20
A20: =IFERROR(A19+1,"") -> 45308 | B20: =IF(G20=0,"",C20-"1:00") | C20: =Q20 -> 0 | D20: =R20 -> 0 | E20: =SUMIF(Consolidado!$A$6:$A$380,'TOTALES DIARIOS'!A20,Consolidado!$E$6:$E$380) -> 0 | F20: =SUMIF(Consolidado!$A$6:$A$380,'TOTALES DIARIOS'!A20,Consolidado!$F$6:$F$380) -> 0 | G20: =SUMIF(Consolidado!$A$6:$A$380,'TOTALES DIARIOS'!A20,Consolidado!$G$6:$G$380) -> 0 | H20: =IF(B20="",0,IF(B20<D20,D20-B20+"0:30","24:00"-B20+D20+"0:30"))*24 -> 0 | I20: =IF(G20<>0,1,0) -> 0 | J20: =IF(H20=0,0,IF((D20-"3:30")>(C20-"3:30"),1,2)) -> 0 | K20: =YEAR(A20) -> 2024 | L20: =MONTH(A20) -> 1 | M20: {=MIN(IF(Consolidado!$A$6:$A$1000='TOTALES DIARIOS'!A20,IF(Consolidado!$C$6:$C$1000>TIMEVALUE("07:00"),Consolidado!$C$6:$C$1000,1)))} -> 0 | N20: {=MIN(IF(Consolidado!$A$6:$A$1000='TOTALES DIARIOS'!A20,IF(Consolidado!$C$6:$C$1000<=M20,Consolidado!$C$6:$C$1000,1)))} -> 0 | O20: {=MAX(IF(Consolidado!$A$6:$A$1000='TOTALES DIARIOS'!A20,IF(Consolidado!$D$6:$D$1000>=M20,Consolidado!$D$6:$D$1000,0)))} -> 0 | P20: {=MAX(IF(Consolidado!$A$6:$A$1000='TOTALES DIARIOS'!A20,IF(Consolidado!$D$6:$D$1000<=M20,Consolidado!$D$6:$D$1000,0)))} -> 0 | Q20: =IF(M20<>1,MAX(M20,N20),N20) -> 0 | R20: =IF(O20=0,P20,IF(P20=0,O20,MIN(P20,O20))) -> 0 | S20: =IF(D20>AB20,"SI","NO") -> NO | T20: 18 | U20: 22 | V20: 22
A21: =IFERROR(A20+1,"") -> 45309 | B21: =IF(G21=0,"",C21-"1:00") | C21: =Q21 -> 0 | D21: =R21 -> 0 | E21: =SUMIF(Consolidado!$A$6:$A$380,'TOTALES DIARIOS'!A21,Consolidado!$E$6:$E$380) -> 0 | F21: =SUMIF(Consolidado!$A$6:$A$380,'TOTALES DIARIOS'!A21,Consolidado!$F$6:$F$380) -> 0 | G21: =SUMIF(Consolidado!$A$6:$A$380,'TOTALES DIARIOS'!A21,Consolidado!$G$6:$G$380) -> 0 | H21: =IF(B21="",0,IF(B21<D21,D21-B21+"0:30","24:00"-B21+D21+"0:30"))*24 -> 0 | I21: =IF(G21<>0,1,0) -> 0 | J21: =IF(H21=0,0,IF((D21-"3:30")>(C21-"3:30"),1,2)) -> 0 | K21: =YEAR(A21) -> 2024 | L21: =MONTH(A21) -> 1 | M21: {=MIN(IF(Consolidado!$A$6:$A$1000='TOTALES DIARIOS'!A21,IF(Consolidado!$C$6:$C$1000>TIMEVALUE("07:00"),Consolidado!$C$6:$C$1000,1)))} -> 0 | N21: {=MIN(IF(Consolidado!$A$6:$A$1000='TOTALES DIARIOS'!A21,IF(Consolidado!$C$6:$C$1000<=M21,Consolidado!$C$6:$C$1000,1)))} -> 0 | O21: {=MAX(IF(Consolidado!$A$6:$A$1000='TOTALES DIARIOS'!A21,IF(Consolidado!$D$6:$D$1000>=M21,Consolidado!$D$6:$D$1000,0)))} -> 0 | P21: {=MAX(IF(Consolidado!$A$6:$A$1000='TOTALES DIARIOS'!A21,IF(Consolidado!$D$6:$D$1000<=M21,Consolidado!$D$6:$D$1000,0)))} -> 0 | Q21: =IF(M21<>1,MAX(M21,N21),N21) -> 0 | R21: =IF(O21=0,P21,IF(P21=0,O21,MIN(P21,O21))) -> 0 | S21: =IF(D21>AB21,"SI","NO") -> NO | T21: 19 | U21: 24 | V21: 24
A22: =IFERROR(A21+1,"") -> 45310 | B22: =IF(G22=0,"",C22-"1:00") | C22: =Q22 -> 0 | D22: =R22 -> 0 | E22: =SUMIF(Consolidado!$A$6:$A$380,'TOTALES DIARIOS'!A22,Consolidado!$E$6:$E$380) -> 0 | F22: =SUMIF(Consolidado!$A$6:$A$380,'TOTALES DIARIOS'!A22,Consolidado!$F$6:$F$380) -> 0 | G22: =SUMIF(Consolidado!$A$6:$A$380,'TOTALES DIARIOS'!A22,Consolidado!$G$6:$G$380) -> 0 | H22: =IF(B22="",0,IF(B22<D22,D22-B22+"0:30","24:00"-B22+D22+"0:30"))*24 -> 0 | I22: =IF(G22<>0,1,0) -> 0 | J22: =IF(H22=0,0,IF((D22-"3:30")>(C22-"3:30"),1,2)) -> 0 | K22: =YEAR(A22) -> 2024 | L22: =MONTH(A22) -> 1 | M22: {=MIN(IF(Consolidado!$A$6:$A$1000='TOTALES DIARIOS'!A22,IF(Consolidado!$C$6:$C$1000>TIMEVALUE("07:00"),Consolidado!$C$6:$C$1000,1)))} -> 0 | N22: {=MIN(IF(Consolidado!$A$6:$A$1000='TOTALES DIARIOS'!A22,IF(Consolidado!$C$6:$C$1000<=M22,Consolidado!$C$6:$C$1000,1)))} -> 0 | O22: {=MAX(IF(Consolidado!$A$6:$A$1000='TOTALES DIARIOS'!A22,IF(Consolidado!$D$6:$D$1000>=M22,Consolidado!$D$6:$D$1000,0)))} -> 0 | P22: {=MAX(IF(Consolidado!$A$6:$A$1000='TOTALES DIARIOS'!A22,IF(Consolidado!$D$6:$D$1000<=M22,Consolidado!$D$6:$D$1000,0)))} -> 0 | Q22: =IF(M22<>1,MAX(M22,N22),N22) -> 0 | R22: =IF(O22=0,P22,IF(P22=0,O22,MIN(P22,O22))) -> 0 | S22: =IF(D22>AB22,"SI","NO") -> NO | T22: 20 | U22: 26 | V22: 26
A23: =IFERROR(A22+1,"") -> 45311 | B23: =IF(G23=0,"",C23-"1:00") | C23: =Q23 -> 0 | D23: =R23 -> 0 | E23: =SUMIF(Consolidado!$A$6:$A$380,'TOTALES DIARIOS'!A23,Consolidado!$E$6:$E$380) -> 0 | F23: =SUMIF(Consolidado!$A$6:$A$380,'TOTALES DIARIOS'!A23,Consolidado!$F$6:$F$380) -> 0 | G23: =SUMIF(Consolidado!$A$6:$A$380,'TOTALES DIARIOS'!A23,Consolidado!$G$6:$G$380) -> 0 | H23: =IF(B23="",0,IF(B23<D23,D23-B23+"0:30","24:00"-B23+D23+"0:30"))*24 -> 0 | I23: =IF(G23<>0,1,0) -> 0 | J23: =IF(H23=0,0,IF((D23-"3:30")>(C23-"3:30"),1,2)) -> 0 | K23: =YEAR(A23) -> 2024 | L23: =MONTH(A23) -> 1 | M23: {=MIN(IF(Consolidado!$A$6:$A$1000='TOTALES DIARIOS'!A23,IF(Consolidado!$C$6:$C$1000>TIMEVALUE("07:00"),Consolidado!$C$6:$C$1000,1)))} -> 0 | N23: {=MIN(IF(Consolidado!$A$6:$A$1000='TOTALES DIARIOS'!A23,IF(Consolidado!$C$6:$C$1000<=M23,Consolidado!$C$6:$C$1000,1)))} -> 0 | O23: {=MAX(IF(Consolidado!$A$6:$A$1000='TOTALES DIARIOS'!A23,IF(Consolidado!$D$6:$D$1000>=M23,Consolidado!$D$6:$D$1000,0)))} -> 0 | P23: {=MAX(IF(Consolidado!$A$6:$A$1000='TOTALES DIARIOS'!A23,IF(Consolidado!$D$6:$D$1000<=M23,Consolidado!$D$6:$D$1000,0)))} -> 0 | Q23: =IF(M23<>1,MAX(M23,N23),N23) -> 0 | R23: =IF(O23=0,P23,IF(P23=0,O23,MIN(P23,O23))) -> 0 | S23: =IF(D23>AB23,"SI","NO") -> NO | T23: 21 | U23: 28 | V23: 28
A24: =IFERROR(A23+1,"") -> 45312 | B24: =IF(G24=0,"",C24-"1:00") | C24: =Q24 -> 0 | D24: =R24 -> 0 | E24: =SUMIF(Consolidado!$A$6:$A$380,'TOTALES DIARIOS'!A24,Consolidado!$E$6:$E$380) -> 0 | F24: =SUMIF(Consolidado!$A$6:$A$380,'TOTALES DIARIOS'!A24,Consolidado!$F$6:$F$380) -> 0 | G24: =SUMIF(Consolidado!$A$6:$A$380,'TOTALES DIARIOS'!A24,Consolidado!$G$6:$G$380) -> 0 | H24: =IF(B24="",0,IF(B24<D24,D24-B24+"0:30","24:00"-B24+D24+"0:30"))*24 -> 0 | I24: =IF(G24<>0,1,0) -> 0 | J24: =IF(H24=0,0,IF((D24-"3:30")>(C24-"3:30"),1,2)) -> 0 | K24: =YEAR(A24) -> 2024 | L24: =MONTH(A24) -> 1 | M24: {=MIN(IF(Consolidado!$A$6:$A$1000='TOTALES DIARIOS'!A24,IF(Consolidado!$C$6:$C$1000>TIMEVALUE("07:00"),Consolidado!$C$6:$C$1000,1)))} -> 0 | N24: {=MIN(IF(Consolidado!$A$6:$A$1000='TOTALES DIARIOS'!A24,IF(Consolidado!$C$6:$C$1000<=M24,Consolidado!$C$6:$C$1000,1)))} -> 0 | O24: {=MAX(IF(Consolidado!$A$6:$A$1000='TOTALES DIARIOS'!A24,IF(Consolidado!$D$6:$D$1000>=M24,Consolidado!$D$6:$D$1000,0)))} -> 0 | P24: {=MAX(IF(Consolidado!$A$6:$A$1000='TOTALES DIARIOS'!A24,IF(Consolidado!$D$6:$D$1000<=M24,Consolidado!$D$6:$D$1000,0)))} -> 0 | Q24: =IF(M24<>1,MAX(M24,N24),N24) -> 0 | R24: =IF(O24=0,P24,IF(P24=0,O24,MIN(P24,O24))) -> 0 | S24: =IF(D24>AB24,"SI","NO") -> NO | T24: 22 | U24: 30 | V24: 30
A25: =IFERROR(A24+1,"") -> 45313 | B25: =IF(G25=0,"",C25-"1:00") | C25: =Q25 -> 0 | D25: =R25 -> 0 | E25: =SUMIF(Consolidado!$A$6:$A$380,'TOTALES DIARIOS'!A25,Consolidado!$E$6:$E$380) -> 0 | F25: =SUMIF(Consolidado!$A$6:$A$380,'TOTALES DIARIOS'!A25,Consolidado!$F$6:$F$380) -> 0 | G25: =SUMIF(Consolidado!$A$6:$A$380,'TOTALES DIARIOS'!A25,Consolidado!$G$6:$G$380) -> 0 | H25: =IF(B25="",0,IF(B25<D25,D25-B25+"0:30","24:00"-B25+D25+"0:30"))*24 -> 0 | I25: =IF(G25<>0,1,0) -> 0 | J25: =IF(H25=0,0,IF((D25-"3:30")>(C25-"3:30"),1,2)) -> 0 | K25: =YEAR(A25) -> 2024 | L25: =MONTH(A25) -> 1 | M25: {=MIN(IF(Consolidado!$A$6:$A$1000='TOTALES DIARIOS'!A25,IF(Consolidado!$C$6:$C$1000>TIMEVALUE("07:00"),Consolidado!$C$6:$C$1000,1)))} -> 0 | N25: {=MIN(IF(Consolidado!$A$6:$A$1000='TOTALES DIARIOS'!A25,IF(Consolidado!$C$6:$C$1000<=M25,Consolidado!$C$6:$C$1000,1)))} -> 0 | O25: {=MAX(IF(Consolidado!$A$6:$A$1000='TOTALES DIARIOS'!A25,IF(Consolidado!$D$6:$D$1000>=M25,Consolidado!$D$6:$D$1000,0)))} -> 0 | P25: {=MAX(IF(Consolidado!$A$6:$A$1000='TOTALES DIARIOS'!A25,IF(Consolidado!$D$6:$D$1000<=M25,Consolidado!$D$6:$D$1000,0)))} -> 0 | Q25: =IF(M25<>1,MAX(M25,N25),N25) -> 0 | R25: =IF(O25=0,P25,IF(P25=0,O25,MIN(P25,O25))) -> 0 | S25: =IF(D25>AB25,"SI","NO") -> NO | T25: 23 | U25: 34 | V25: 34
A26: =IFERROR(A25+1,"") -> 45314 | B26: =IF(G26=0,"",C26-"1:00") | C26: =Q26 -> 0 | D26: =R26 -> 0 | E26: =SUMIF(Consolidado!$A$6:$A$380,'TOTALES DIARIOS'!A26,Consolidado!$E$6:$E$380) -> 0 | F26: =SUMIF(Consolidado!$A$6:$A$380,'TOTALES DIARIOS'!A26,Consolidado!$F$6:$F$380) -> 0 | G26: =SUMIF(Consolidado!$A$6:$A$380,'TOTALES DIARIOS'!A26,Consolidado!$G$6:$G$380) -> 0 | H26: =IF(B26="",0,IF(B26<D26,D26-B26+"0:30","24:00"-B26+D26+"0:30"))*24 -> 0 | I26: =IF(G26<>0,1,0) -> 0 | J26: =IF(H26=0,0,IF((D26-"3:30")>(C26-"3:30"),1,2)) -> 0 | K26: =YEAR(A26) -> 2024 | L26: =MONTH(A26) -> 1 | M26: {=MIN(IF(Consolidado!$A$6:$A$1000='TOTALES DIARIOS'!A26,IF(Consolidado!$C$6:$C$1000>TIMEVALUE("07:00"),Consolidado!$C$6:$C$1000,1)))} -> 0 | N26: {=MIN(IF(Consolidado!$A$6:$A$1000='TOTALES DIARIOS'!A26,IF(Consolidado!$C$6:$C$1000<=M26,Consolidado!$C$6:$C$1000,1)))} -> 0 | O26: {=MAX(IF(Consolidado!$A$6:$A$1000='TOTALES DIARIOS'!A26,IF(Consolidado!$D$6:$D$1000>=M26,Consolidado!$D$6:$D$1000,0)))} -> 0 | P26: {=MAX(IF(Consolidado!$A$6:$A$1000='TOTALES DIARIOS'!A26,IF(Consolidado!$D$6:$D$1000<=M26,Consolidado!$D$6:$D$1000,0)))} -> 0 | Q26: =IF(M26<>1,MAX(M26,N26),N26) -> 0 | R26: =IF(O26=0,P26,IF(P26=0,O26,MIN(P26,O26))) -> 0 | S26: =IF(D26>AB26,"SI","NO") -> NO | T26: 24 | U26: 36 | V26: 36
A27: =IFERROR(A26+1,"") -> 45315 | B27: =IF(G27=0,"",C27-"1:00") | C27: =Q27 -> 0 | D27: =R27 -> 0 | E27: =SUMIF(Consolidado!$A$6:$A$380,'TOTALES DIARIOS'!A27,Consolidado!$E$6:$E$380) -> 0 | F27: =SUMIF(Consolidado!$A$6:$A$380,'TOTALES DIARIOS'!A27,Consolidado!$F$6:$F$380) -> 0 | G27: =SUMIF(Consolidado!$A$6:$A$380,'TOTALES DIARIOS'!A27,Consolidado!$G$6:$G$380) -> 0 | H27: =IF(B27="",0,IF(B27<D27,D27-B27+"0:30","24:00"-B27+D27+"0:30"))*24 -> 0 | I27: =IF(G27<>0,1,0) -> 0 | J27: =IF(H27=0,0,IF((D27-"3:30")>(C27-"3:30"),1,2)) -> 0 | K27: =YEAR(A27) -> 2024 | L27: =MONTH(A27) -> 1 | M27: {=MIN(IF(Consolidado!$A$6:$A$1000='TOTALES DIARIOS'!A27,IF(Consolidado!$C$6:$C$1000>TIMEVALUE("07:00"),Consolidado!$C$6:$C$1000,1)))} -> 0 | N27: {=MIN(IF(Consolidado!$A$6:$A$1000='TOTALES DIARIOS'!A27,IF(Consolidado!$C$6:$C$1000<=M27,Consolidado!$C$6:$C$1000,1)))} -> 0 | O27: {=MAX(IF(Consolidado!$A$6:$A$1000='TOTALES DIARIOS'!A27,IF(Consolidado!$D$6:$D$1000>=M27,Consolidado!$D$6:$D$1000,0)))} -> 0 | P27: {=MAX(IF(Consolidado!$A$6:$A$1000='TOTALES DIARIOS'!A27,IF(Consolidado!$D$6:$D$1000<=M27,Consolidado!$D$6:$D$1000,0)))} -> 0 | Q27: =IF(M27<>1,MAX(M27,N27),N27) -> 0 | R27: =IF(O27=0,P27,IF(P27=0,O27,MIN(P27,O27))) -> 0 | S27: =IF(D27>AB27,"SI","NO") -> NO
A28: =IFERROR(A27+1,"") -> 45316 | B28: =IF(G28=0,"",C28-"1:00") | C28: =Q28 -> 0 | D28: =R28 -> 0 | E28: =SUMIF(Consolidado!$A$6:$A$380,'TOTALES DIARIOS'!A28,Consolidado!$E$6:$E$380) -> 0 | F28: =SUMIF(Consolidado!$A$6:$A$380,'TOTALES DIARIOS'!A28,Consolidado!$F$6:$F$380) -> 0 | G28: =SUMIF(Consolidado!$A$6:$A$380,'TOTALES DIARIOS'!A28,Consolidado!$G$6:$G$380) -> 0 | H28: =IF(B28="",0,IF(B28<D28,D28-B28+"0:30","24:00"-B28+D28+"0:30"))*24 -> 0 | I28: =IF(G28<>0,1,0) -> 0 | J28: =IF(H28=0,0,IF((D28-"3:30")>(C28-"3:30"),1,2)) -> 0 | K28: =YEAR(A28) -> 2024 | L28: =MONTH(A28) -> 1 | M28: {=MIN(IF(Consolidado!$A$6:$A$1000='TOTALES DIARIOS'!A28,IF(Consolidado!$C$6:$C$1000>TIMEVALUE("07:00"),Consolidado!$C$6:$C$1000,1)))} -> 0 | N28: {=MIN(IF(Consolidado!$A$6:$A$1000='TOTALES DIARIOS'!A28,IF(Consolidado!$C$6:$C$1000<=M28,Consolidado!$C$6:$C$1000,1)))} -> 0 | O28: {=MAX(IF(Consolidado!$A$6:$A$1000='TOTALES DIARIOS'!A28,IF(Consolidado!$D$6:$D$1000>=M28,Consolidado!$D$6:$D$1000,0)))} -> 0 | P28: {=MAX(IF(Consolidado!$A$6:$A$1000='TOTALES DIARIOS'!A28,IF(Consolidado!$D$6:$D$1000<=M28,Consolidado!$D$6:$D$1000,0)))} -> 0 | Q28: =IF(M28<>1,MAX(M28,N28),N28) -> 0 | R28: =IF(O28=0,P28,IF(P28=0,O28,MIN(P28,O28))) -> 0 | S28: =IF(D28>AB28,"SI","NO") -> NO
A29: =IFERROR(A28+1,"") -> 45317 | B29: =IF(G29=0,"",C29-"1:00") | C29: =Q29 -> 0 | D29: =R29 -> 0 | E29: =SUMIF(Consolidado!$A$6:$A$380,'TOTALES DIARIOS'!A29,Consolidado!$E$6:$E$380) -> 0 | F29: =SUMIF(Consolidado!$A$6:$A$380,'TOTALES DIARIOS'!A29,Consolidado!$F$6:$F$380) -> 0 | G29: =SUMIF(Consolidado!$A$6:$A$380,'TOTALES DIARIOS'!A29,Consolidado!$G$6:$G$380) -> 0 | H29: =IF(B29="",0,IF(B29<D29,D29-B29+"0:30","24:00"-B29+D29+"0:30"))*24 -> 0 | I29: =IF(G29<>0,1,0) -> 0 | J29: =IF(H29=0,0,IF((D29-"3:30")>(C29-"3:30"),1,2)) -> 0 | K29: =YEAR(A29) -> 2024 | L29: =MONTH(A29) -> 1 | M29: {=MIN(IF(Consolidado!$A$6:$A$1000='TOTALES DIARIOS'!A29,IF(Consolidado!$C$6:$C$1000>TIMEVALUE("07:00"),Consolidado!$C$6:$C$1000,1)))} -> 0 | N29: {=MIN(IF(Consolidado!$A$6:$A$1000='TOTALES DIARIOS'!A29,IF(Consolidado!$C$6:$C$1000<=M29,Consolidado!$C$6:$C$1000,1)))} -> 0 | O29: {=MAX(IF(Consolidado!$A$6:$A$1000='TOTALES DIARIOS'!A29,IF(Consolidado!$D$6:$D$1000>=M29,Consolidado!$D$6:$D$1000,0)))} -> 0 | P29: {=MAX(IF(Consolidado!$A$6:$A$1000='TOTALES DIARIOS'!A29,IF(Consolidado!$D$6:$D$1000<=M29,Consolidado!$D$6:$D$1000,0)))} -> 0 | Q29: =IF(M29<>1,MAX(M29,N29),N29) -> 0 | R29: =IF(O29=0,P29,IF(P29=0,O29,MIN(P29,O29))) -> 0 | S29: =IF(D29>AB29,"SI","NO") -> NO
A30: =IFERROR(A29+1,"") -> 45318 | B30: =IF(G30=0,"",C30-"1:00") | C30: =Q30 -> 0 | D30: =R30 -> 0 | E30: =SUMIF(Consolidado!$A$6:$A$380,'TOTALES DIARIOS'!A30,Consolidado!$E$6:$E$380) -> 0 | F30: =SUMIF(Consolidado!$A$6:$A$380,'TOTALES DIARIOS'!A30,Consolidado!$F$6:$F$380) -> 0 | G30: =SUMIF(Consolidado!$A$6:$A$380,'TOTALES DIARIOS'!A30,Consolidado!$G$6:$G$380) -> 0 | H30: =IF(B30="",0,IF(B30<D30,D30-B30+"0:30","24:00"-B30+D30+"0:30"))*24 -> 0 | I30: =IF(G30<>0,1,0) -> 0 | J30: =IF(H30=0,0,IF((D30-"3:30")>(C30-"3:30"),1,2)) -> 0 | K30: =YEAR(A30) -> 2024 | L30: =MONTH(A30) -> 1 | M30: {=MIN(IF(Consolidado!$A$6:$A$1000='TOTALES DIARIOS'!A30,IF(Consolidado!$C$6:$C$1000>TIMEVALUE("07:00"),Consolidado!$C$6:$C$1000,1)))} -> 0 | N30: {=MIN(IF(Consolidado!$A$6:$A$1000='TOTALES DIARIOS'!A30,IF(Consolidado!$C$6:$C$1000<=M30,Consolidado!$C$6:$C$1000,1)))} -> 0 | O30: {=MAX(IF(Consolidado!$A$6:$A$1000='TOTALES DIARIOS'!A30,IF(Consolidado!$D$6:$D$1000>=M30,Consolidado!$D$6:$D$1000,0)))} -> 0 | P30: {=MAX(IF(Consolidado!$A$6:$A$1000='TOTALES DIARIOS'!A30,IF(Consolidado!$D$6:$D$1000<=M30,Consolidado!$D$6:$D$1000,0)))} -> 0 | Q30: =IF(M30<>1,MAX(M30,N30),N30) -> 0 | R30: =IF(O30=0,P30,IF(P30=0,O30,MIN(P30,O30))) -> 0 | S30: =IF(D30>AB30,"SI","NO") -> NO
A31: =IFERROR(A30+1,"") -> 45319 | B31: =IF(G31=0,"",C31-"1:00") | C31: =Q31 -> 0 | D31: =R31 -> 0 | E31: =SUMIF(Consolidado!$A$6:$A$380,'TOTALES DIARIOS'!A31,Consolidado!$E$6:$E$380) -> 0 | F31: =SUMIF(Consolidado!$A$6:$A$380,'TOTALES DIARIOS'!A31,Consolidado!$F$6:$F$380) -> 0 | G31: =SUMIF(Consolidado!$A$6:$A$380,'TOTALES DIARIOS'!A31,Consolidado!$G$6:$G$380) -> 0 | H31: =IF(B31="",0,IF(B31<D31,D31-B31+"0:30","24:00"-B31+D31+"0:30"))*24 -> 0 | I31: =IF(G31<>0,1,0) -> 0 | J31: =IF(H31=0,0,IF((D31-"3:30")>(C31-"3:30"),1,2)) -> 0 | K31: =YEAR(A31) -> 2024 | L31: =MONTH(A31) -> 1 | M31: {=MIN(IF(Consolidado!$A$6:$A$1000='TOTALES DIARIOS'!A31,IF(Consolidado!$C$6:$C$1000>TIMEVALUE("07:00"),Consolidado!$C$6:$C$1000,1)))} -> 0 | N31: {=MIN(IF(Consolidado!$A$6:$A$1000='TOTALES DIARIOS'!A31,IF(Consolidado!$C$6:$C$1000<=M31,Consolidado!$C$6:$C$1000,1)))} -> 0 | O31: {=MAX(IF(Consolidado!$A$6:$A$1000='TOTALES DIARIOS'!A31,IF(Consolidado!$D$6:$D$1000>=M31,Consolidado!$D$6:$D$1000,0)))} -> 0 | P31: {=MAX(IF(Consolidado!$A$6:$A$1000='TOTALES DIARIOS'!A31,IF(Consolidado!$D$6:$D$1000<=M31,Consolidado!$D$6:$D$1000,0)))} -> 0 | Q31: =IF(M31<>1,MAX(M31,N31),N31) -> 0 | R31: =IF(O31=0,P31,IF(P31=0,O31,MIN(P31,O31))) -> 0 | S31: =IF(D31>AB31,"SI","NO") -> NO
A32: =IFERROR(A31+1,"") -> 45320 | B32: =IF(G32=0,"",C32-"1:00") | C32: =Q32 -> 0 | D32: =R32 -> 0 | E32: =SUMIF(Consolidado!$A$6:$A$380,'TOTALES DIARIOS'!A32,Consolidado!$E$6:$E$380) -> 0 | F32: =SUMIF(Consolidado!$A$6:$A$380,'TOTALES DIARIOS'!A32,Consolidado!$F$6:$F$380) -> 0 | G32: =SUMIF(Consolidado!$A$6:$A$380,'TOTALES DIARIOS'!A32,Consolidado!$G$6:$G$380) -> 0 | H32: =IF(B32="",0,IF(B32<D32,D32-B32+"0:30","24:00"-B32+D32+"0:30"))*24 -> 0 | I32: =IF(G32<>0,1,0) -> 0 | J32: =IF(H32=0,0,IF((D32-"3:30")>(C32-"3:30"),1,2)) -> 0 | K32: =YEAR(A32) -> 2024 | L32: =MONTH(A32) -> 1 | M32: {=MIN(IF(Consolidado!$A$6:$A$1000='TOTALES DIARIOS'!A32,IF(Consolidado!$C$6:$C$1000>TIMEVALUE("07:00"),Consolidado!$C$6:$C$1000,1)))} -> 0 | N32: {=MIN(IF(Consolidado!$A$6:$A$1000='TOTALES DIARIOS'!A32,IF(Consolidado!$C$6:$C$1000<=M32,Consolidado!$C$6:$C$1000,1)))} -> 0 | O32: {=MAX(IF(Consolidado!$A$6:$A$1000='TOTALES DIARIOS'!A32,IF(Consolidado!$D$6:$D$1000>=M32,Consolidado!$D$6:$D$1000,0)))} -> 0 | P32: {=MAX(IF(Consolidado!$A$6:$A$1000='TOTALES DIARIOS'!A32,IF(Consolidado!$D$6:$D$1000<=M32,Consolidado!$D$6:$D$1000,0)))} -> 0 | Q32: =IF(M32<>1,MAX(M32,N32),N32) -> 0 | R32: =IF(O32=0,P32,IF(P32=0,O32,MIN(P32,O32))) -> 0 | S32: =IF(D32>AB32,"SI","NO") -> NO
A33: =IFERROR(A32+1,"") -> 45321 | B33: =IF(G33=0,"",C33-"1:00") | C33: =Q33 -> 0 | D33: =R33 -> 0 | E33: =SUMIF(Consolidado!$A$6:$A$380,'TOTALES DIARIOS'!A33,Consolidado!$E$6:$E$380) -> 0 | F33: =SUMIF(Consolidado!$A$6:$A$380,'TOTALES DIARIOS'!A33,Consolidado!$F$6:$F$380) -> 0 | G33: =SUMIF(Consolidado!$A$6:$A$380,'TOTALES DIARIOS'!A33,Consolidado!$G$6:$G$380) -> 0 | H33: =IF(B33="",0,IF(B33<D33,D33-B33+"0:30","24:00"-B33+D33+"0:30"))*24 -> 0 | I33: =IF(G33<>0,1,0) -> 0 | J33: =IF(H33=0,0,IF((D33-"3:30")>(C33-"3:30"),1,2)) -> 0 | K33: =YEAR(A33) -> 2024 | L33: =MONTH(A33) -> 1 | M33: {=MIN(IF(Consolidado!$A$6:$A$1000='TOTALES DIARIOS'!A33,IF(Consolidado!$C$6:$C$1000>TIMEVALUE("07:00"),Consolidado!$C$6:$C$1000,1)))} -> 0 | N33: {=MIN(IF(Consolidado!$A$6:$A$1000='TOTALES DIARIOS'!A33,IF(Consolidado!$C$6:$C$1000<=M33,Consolidado!$C$6:$C$1000,1)))} -> 0 | O33: {=MAX(IF(Consolidado!$A$6:$A$1000='TOTALES DIARIOS'!A33,IF(Consolidado!$D$6:$D$1000>=M33,Consolidado!$D$6:$D$1000,0)))} -> 0 | P33: {=MAX(IF(Consolidado!$A$6:$A$1000='TOTALES DIARIOS'!A33,IF(Consolidado!$D$6:$D$1000<=M33,Consolidado!$D$6:$D$1000,0)))} -> 0 | Q33: =IF(M33<>1,MAX(M33,N33),N33) -> 0 | R33: =IF(O33=0,P33,IF(P33=0,O33,MIN(P33,O33))) -> 0 | S33: =IF(D33>AB33,"SI","NO") -> NO
A34: =IFERROR(A33+1,"") -> 45322 | B34: =IF(G34=0,"",C34-"1:00") | C34: =Q34 -> 0 | D34: =R34 -> 0 | E34: =SUMIF(Consolidado!$A$6:$A$380,'TOTALES DIARIOS'!A34,Consolidado!$E$6:$E$380) -> 0 | F34: =SUMIF(Consolidado!$A$6:$A$380,'TOTALES DIARIOS'!A34,Consolidado!$F$6:$F$380) -> 0 | G34: =SUMIF(Consolidado!$A$6:$A$380,'TOTALES DIARIOS'!A34,Consolidado!$G$6:$G$380) -> 0 | H34: =IF(B34="",0,IF(B34<D34,D34-B34+"0:30","24:00"-B34+D34+"0:30"))*24 -> 0 | I34: =IF(G34<>0,1,0) -> 0 | J34: =IF(H34=0,0,IF((D34-"3:30")>(C34-"3:30"),1,2)) -> 0 | K34: =YEAR(A34) -> 2024 | L34: =MONTH(A34) -> 1 | M34: {=MIN(IF(Consolidado!$A$6:$A$1000='TOTALES DIARIOS'!A34,IF(Consolidado!$C$6:$C$1000>TIMEVALUE("07:00"),Consolidado!$C$6:$C$1000,1)))} -> 0 | N34: {=MIN(IF(Consolidado!$A$6:$A$1000='TOTALES DIARIOS'!A34,IF(Consolidado!$C$6:$C$1000<=M34,Consolidado!$C$6:$C$1000,1)))} -> 0 | O34: {=MAX(IF(Consolidado!$A$6:$A$1000='TOTALES DIARIOS'!A34,IF(Consolidado!$D$6:$D$1000>=M34,Consolidado!$D$6:$D$1000,0)))} -> 0 | P34: {=MAX(IF(Consolidado!$A$6:$A$1000='TOTALES DIARIOS'!A34,IF(Consolidado!$D$6:$D$1000<=M34,Consolidado!$D$6:$D$1000,0)))} -> 0 | Q34: =IF(M34<>1,MAX(M34,N34),N34) -> 0 | R34: =IF(O34=0,P34,IF(P34=0,O34,MIN(P34,O34))) -> 0 | S34: =IF(D34>AB34,"SI","NO") -> NO
A35: =IFERROR(A34+1,"") -> 45323 | B35: =IF(G35=0,"",C35-"1:00") | C35: =Q35 -> 0 | D35: =R35 -> 0 | E35: =SUMIF(Consolidado!$A$6:$A$380,'TOTALES DIARIOS'!A35,Consolidado!$E$6:$E$380) -> 0 | F35: =SUMIF(Consolidado!$A$6:$A$380,'TOTALES DIARIOS'!A35,Consolidado!$F$6:$F$380) -> 0 | G35: =SUMIF(Consolidado!$A$6:$A$380,'TOTALES DIARIOS'!A35,Consolidado!$G$6:$G$380) -> 0 | H35: =IF(B35="",0,IF(B35<D35,D35-B35+"0:30","24:00"-B35+D35+"0:30"))*24 -> 0 | I35: =IF(G35<>0,1,0) -> 0 | J35: =IF(H35=0,0,IF((D35-"3:30")>(C35-"3:30"),1,2)) -> 0 | K35: =YEAR(A35) -> 2024 | L35: =MONTH(A35) -> 2 | M35: {=MIN(IF(Consolidado!$A$6:$A$1000='TOTALES DIARIOS'!A35,IF(Consolidado!$C$6:$C$1000>TIMEVALUE("07:00"),Consolidado!$C$6:$C$1000,1)))} -> 0 | N35: {=MIN(IF(Consolidado!$A$6:$A$1000='TOTALES DIARIOS'!A35,IF(Consolidado!$C$6:$C$1000<=M35,Consolidado!$C$6:$C$1000,1)))} -> 0 | O35: {=MAX(IF(Consolidado!$A$6:$A$1000='TOTALES DIARIOS'!A35,IF(Consolidado!$D$6:$D$1000>=M35,Consolidado!$D$6:$D$1000,0)))} -> 0 | P35: {=MAX(IF(Consolidado!$A$6:$A$1000='TOTALES DIARIOS'!A35,IF(Consolidado!$D$6:$D$1000<=M35,Consolidado!$D$6:$D$1000,0)))} -> 0 | Q35: =IF(M35<>1,MAX(M35,N35),N35) -> 0 | R35: =IF(O35=0,P35,IF(P35=0,O35,MIN(P35,O35))) -> 0 | S35: =IF(D35>AB35,"SI","NO") -> NO
A36: =IFERROR(A35+1,"") -> 45324 | B36: =IF(G36=0,"",C36-"1:00") | C36: =Q36 -> 0 | D36: =R36 -> 0 | E36: =SUMIF(Consolidado!$A$6:$A$380,'TOTALES DIARIOS'!A36,Consolidado!$E$6:$E$380) -> 0 | F36: =SUMIF(Consolidado!$A$6:$A$380,'TOTALES DIARIOS'!A36,Consolidado!$F$6:$F$380) -> 0 | G36: =SUMIF(Consolidado!$A$6:$A$380,'TOTALES DIARIOS'!A36,Consolidado!$G$6:$G$380) -> 0 | H36: =IF(B36="",0,IF(B36<D36,D36-B36+"0:30","24:00"-B36+D36+"0:30"))*24 -> 0 | I36: =IF(G36<>0,1,0) -> 0 | J36: =IF(H36=0,0,IF((D36-"3:30")>(C36-"3:30"),1,2)) -> 0 | K36: =YEAR(A36) -> 2024 | L36: =MONTH(A36) -> 2 | M36: {=MIN(IF(Consolidado!$A$6:$A$1000='TOTALES DIARIOS'!A36,IF(Consolidado!$C$6:$C$1000>TIMEVALUE("07:00"),Consolidado!$C$6:$C$1000,1)))} -> 0 | N36: {=MIN(IF(Consolidado!$A$6:$A$1000='TOTALES DIARIOS'!A36,IF(Consolidado!$C$6:$C$1000<=M36,Consolidado!$C$6:$C$1000,1)))} -> 0 | O36: {=MAX(IF(Consolidado!$A$6:$A$1000='TOTALES DIARIOS'!A36,IF(Consolidado!$D$6:$D$1000>=M36,Consolidado!$D$6:$D$1000,0)))} -> 0 | P36: {=MAX(IF(Consolidado!$A$6:$A$1000='TOTALES DIARIOS'!A36,IF(Consolidado!$D$6:$D$1000<=M36,Consolidado!$D$6:$D$1000,0)))} -> 0 | Q36: =IF(M36<>1,MAX(M36,N36),N36) -> 0 | R36: =IF(O36=0,P36,IF(P36=0,O36,MIN(P36,O36))) -> 0 | S36: =IF(D36>AB36,"SI","NO") -> NO
A37: =IFERROR(A36+1,"") -> 45325 | B37: =IF(G37=0,"",C37-"1:00") | C37: =Q37 -> 0 | D37: =R37 -> 0 | E37: =SUMIF(Consolidado!$A$6:$A$380,'TOTALES DIARIOS'!A37,Consolidado!$E$6:$E$380) -> 0 | F37: =SUMIF(Consolidado!$A$6:$A$380,'TOTALES DIARIOS'!A37,Consolidado!$F$6:$F$380) -> 0 | G37: =SUMIF(Consolidado!$A$6:$A$380,'TOTALES DIARIOS'!A37,Consolidado!$G$6:$G$380) -> 0 | H37: =IF(B37="",0,IF(B37<D37,D37-B37+"0:30","24:00"-B37+D37+"0:30"))*24 -> 0 | I37: =IF(G37<>0,1,0) -> 0 | J37: =IF(H37=0,0,IF((D37-"3:30")>(C37-"3:30"),1,2)) -> 0 | K37: =YEAR(A37) -> 2024 | L37: =MONTH(A37) -> 2 | M37: {=MIN(IF(Consolidado!$A$6:$A$1000='TOTALES DIARIOS'!A37,IF(Consolidado!$C$6:$C$1000>TIMEVALUE("07:00"),Consolidado!$C$6:$C$1000,1)))} -> 0 | N37: {=MIN(IF(Consolidado!$A$6:$A$1000='TOTALES DIARIOS'!A37,IF(Consolidado!$C$6:$C$1000<=M37,Consolidado!$C$6:$C$1000,1)))} -> 0 | O37: {=MAX(IF(Consolidado!$A$6:$A$1000='TOTALES DIARIOS'!A37,IF(Consolidado!$D$6:$D$1000>=M37,Consolidado!$D$6:$D$1000,0)))} -> 0 | P37: {=MAX(IF(Consolidado!$A$6:$A$1000='TOTALES DIARIOS'!A37,IF(Consolidado!$D$6:$D$1000<=M37,Consolidado!$D$6:$D$1000,0)))} -> 0 | Q37: =IF(M37<>1,MAX(M37,N37),N37) -> 0 | R37: =IF(O37=0,P37,IF(P37=0,O37,MIN(P37,O37))) -> 0 | S37: =IF(D37>AB37,"SI","NO") -> NO
A38: =IFERROR(A37+1,"") -> 45326 | B38: =IF(G38=0,"",C38-"1:00") | C38: =Q38 -> 0 | D38: =R38 -> 0 | E38: =SUMIF(Consolidado!$A$6:$A$380,'TOTALES DIARIOS'!A38,Consolidado!$E$6:$E$380) -> 0 | F38: =SUMIF(Consolidado!$A$6:$A$380,'TOTALES DIARIOS'!A38,Consolidado!$F$6:$F$380) -> 0 | G38: =SUMIF(Consolidado!$A$6:$A$380,'TOTALES DIARIOS'!A38,Consolidado!$G$6:$G$380) -> 0 | H38: =IF(B38="",0,IF(B38<D38,D38-B38+"0:30","24:00"-B38+D38+"0:30"))*24 -> 0 | I38: =IF(G38<>0,1,0) -> 0 | J38: =IF(H38=0,0,IF((D38-"3:30")>(C38-"3:30"),1,2)) -> 0 | K38: =YEAR(A38) -> 2024 | L38: =MONTH(A38) -> 2 | M38: {=MIN(IF(Consolidado!$A$6:$A$1000='TOTALES DIARIOS'!A38,IF(Consolidado!$C$6:$C$1000>TIMEVALUE("07:00"),Consolidado!$C$6:$C$1000,1)))} -> 0 | N38: {=MIN(IF(Consolidado!$A$6:$A$1000='TOTALES DIARIOS'!A38,IF(Consolidado!$C$6:$C$1000<=M38,Consolidado!$C$6:$C$1000,1)))} -> 0 | O38: {=MAX(IF(Consolidado!$A$6:$A$1000='TOTALES DIARIOS'!A38,IF(Consolidado!$D$6:$D$1000>=M38,Consolidado!$D$6:$D$1000,0)))} -> 0 | P38: {=MAX(IF(Consolidado!$A$6:$A$1000='TOTALES DIARIOS'!A38,IF(Consolidado!$D$6:$D$1000<=M38,Consolidado!$D$6:$D$1000,0)))} -> 0 | Q38: =IF(M38<>1,MAX(M38,N38),N38) -> 0 | R38: =IF(O38=0,P38,IF(P38=0,O38,MIN(P38,O38))) -> 0 | S38: =IF(D38>AB38,"SI","NO") -> NO
... A508: =IFERROR(A507+1,"") -> 45796 | B508: =IF(G508=0,"",C508-"1:00") | C508: =Q508 -> 0 | D508: =R508 -> 0 | E508: =SUMIF(Consolidado!$A$6:$A$380,'TOTALES DIARIOS'!A508,Consolidado!$E$6:$E$380) -> 0 | F508: =SUMIF(Consolidado!$A$6:$A$380,'TOTALES DIARIOS'!A508,Consolidado!$F$6:$F$380) -> 0 | G508: =SUMIF(Consolidado!$A$6:$A$380,'TOTALES DIARIOS'!A508,Consolidado!$G$6:$G$380) -> 0 | H508: =IF(B508="",0,IF(B508<D508,D508-B508+"0:30","24:00"-B508+D508+"0:30"))*24 -> 0 | I508: =IF(G508<>0,1,0) -> 0 | J508: =IF(H508=0,0,IF((D508-"3:30")>(C508-"3:30"),1,2)) -> 0 | K508: =YEAR(A508) -> 2025 | L508: =MONTH(A508) -> 5 | M508: {=MIN(IF(Consolidado!$A$6:$A$1000='TOTALES DIARIOS'!A508,IF(Consolidado!$C$6:$C$1000>TIMEVALUE("07:00"),Consolidado!$C$6:$C$1000,1)))} -> 0 | N508: {=MIN(IF(Consolidado!$A$6:$A$1000='TOTALES DIARIOS'!A508,IF(Consolidado!$C$6:$C$1000<=M508,Consolidado!$C$6:$C$1000,1)))} -> 0 | O508: {=MAX(IF(Consolidado!$A$6:$A$1000='TOTALES DIARIOS'!A508,IF(Consolidado!$D$6:$D$1000>=M508,Consolidado!$D$6:$D$1000,0)))} -> 0 | P508: {=MAX(IF(Consolidado!$A$6:$A$1000='TOTALES DIARIOS'!A508,IF(Consolidado!$D$6:$D$1000<=M508,Consolidado!$D$6:$D$1000,0)))} -> 0 | Q508: =IF(M508<>1,MAX(M508,N508),N508) -> 0 | R508: =IF(O508=0,P508,IF(P508=0,O508,MIN(P508,O508))) -> 0 | S508: =IF(D508>AB508,"SI","NO") -> NO

Sheet Consolidado
A3: AGRUPACION DE VUELOS
A5: Dia | B5: Destinos | C5: Hora Salida | D5: Hora LLegada | E5: TV Diurno | F5: TV Nocturno | G5: TV TOTAL
A6: =IFERROR(DATEVALUE(CONCATENATE(CONCATENATE(REPT("0",2-LEN(Hoja1!A7)),Hoja1!A7),"/",CONCATENATE(REPT("0",2-LEN(Hoja1!B7)),Hoja1!B7),"/",Hoja1!$A$4)),"2019") -> 45292 | B6: =CONCATENATE(Hoja1!D7,"-",Hoja1!E7) -> AEP-COR | C6: =Hoja1!C7 -> 0.041666667 | D6: =Hoja1!F7 -> 0.083333333 | E6: =Hoja1!K7 -> 0 | F6: =Hoja1!L7 -> 1.5 | G6: =+E6+F6 -> 1.5
A7: =IFERROR(DATEVALUE(CONCATENATE(CONCATENATE(REPT("0",2-LEN(Hoja1!A8)),Hoja1!A8),"/",CONCATENATE(REPT("0",2-LEN(Hoja1!B8)),Hoja1!B8),"/",Hoja1!$A$4)),"") | B7: =CONCATENATE(Hoja1!D8,"-",Hoja1!E8) -> - | C7: =Hoja1!C8 -> 0 | D7: =Hoja1!F8 -> 0 | E7: =Hoja1!K8 -> 0 | F7: =Hoja1!L8 -> 0 | G7: =+E7+F7 -> 0
A8: =IFERROR(DATEVALUE(CONCATENATE(CONCATENATE(REPT("0",2-LEN(Hoja1!A9)),Hoja1!A9),"/",CONCATENATE(REPT("0",2-LEN(Hoja1!B9)),Hoja1!B9),"/",Hoja1!$A$4)),"") | B8: =CONCATENATE(Hoja1!D9,"-",Hoja1!E9) -> - | C8: =Hoja1!C9 -> 0 | D8: =Hoja1!F9 -> 0 | E8: =Hoja1!K9 -> 0 | F8: =Hoja1!L9 -> 0 | G8: =+E8+F8 -> 0
A9: =IFERROR(DATEVALUE(CONCATENATE(CONCATENATE(REPT("0",2-LEN(Hoja1!A10)),Hoja1!A10),"/",CONCATENATE(REPT("0",2-LEN(Hoja1!B10)),Hoja1!B10),"/",Hoja1!$A$4)),"") | B9: =CONCATENATE(Hoja1!D10,"-",Hoja1!E10) -> - | C9: =Hoja1!C10 -> 0 | D9: =Hoja1!F10 -> 0 | E9: =Hoja1!K10 -> 0 | F9: =Hoja1!L10 -> 0 | G9: =+E9+F9 -> 0
A10: =IFERROR(DATEVALUE(CONCATENATE(CONCATENATE(REPT("0",2-LEN(Hoja1!A11)),Hoja1!A11),"/",CONCATENATE(REPT("0",2-LEN(Hoja1!B11)),Hoja1!B11),"/",Hoja1!$A$4)),"") | B10: =CONCATENATE(Hoja1!D11,"-",Hoja1!E11) -> - | C10: =Hoja1!C11 -> 0 | D10: =Hoja1!F11 -> 0 | E10: =Hoja1!K11 -> 0 | F10: =Hoja1!L11 -> 0 | G10: =+E10+F10 -> 0
A11: =IFERROR(DATEVALUE(CONCATENATE(CONCATENATE(REPT("0",2-LEN(Hoja1!A12)),Hoja1!A12),"/",CONCATENATE(REPT("0",2-LEN(Hoja1!B12)),Hoja1!B12),"/",Hoja1!$A$4)),"") | B11: =CONCATENATE(Hoja1!D12,"-",Hoja1!E12) -> - | C11: =Hoja1!C12 -> 0 | D11: =Hoja1!F12 -> 0 | E11: =Hoja1!K12 -> 0 | F11: =Hoja1!L12 -> 0 | G11: =+E11+F11 -> 0
A12: =IFERROR(DATEVALUE(CONCATENATE(CONCATENATE(REPT("0",2-LEN(Hoja1!A13)),Hoja1!A13),"/",CONCATENATE(REPT("0",2-LEN(Hoja1!B13)),Hoja1!B13),"/",Hoja1!$A$4)),"") | B12: =CONCATENATE(Hoja1!D13,"-",Hoja1!E13) -> - | C12: =Hoja1!C13 -> 0 | D12: =Hoja1!F13 -> 0 | E12: =Hoja1!K13 -> 0 | F12: =Hoja1!L13 -> 0 | G12: =+E12+F12 -> 0
A13: =IFERROR(DATEVALUE(CONCATENATE(CONCATENATE(REPT("0",2-LEN(Hoja1!A14)),Hoja1!A14),"/",CONCATENATE(REPT("0",2-LEN(Hoja1!B14)),Hoja1!B14),"/",Hoja1!$A$4)),"") | B13: =CONCATENATE(Hoja1!D14,"-",Hoja1!E14) -> - | C13: =Hoja1!C14 -> 0 | D13: =Hoja1!F14 -> 0 | E13: =Hoja1!K14 -> 0 | F13: =Hoja1!L14 -> 0 | G13: =+E13+F13 -> 0
A14: =IFERROR(DATEVALUE(CONCATENATE(CONCATENATE(REPT("0",2-LEN(Hoja1!A15)),Hoja1!A15),"/",CONCATENATE(REPT("0",2-LEN(Hoja1!B15)),Hoja1!B15),"/",Hoja1!$A$4)),"") | B14: =CONCATENATE(Hoja1!D15,"-",Hoja1!E15) -> - | C14: =Hoja1!C15 -> 0 | D14: =Hoja1!F15 -> 0 | E14: =Hoja1!K15 -> 0 | F14: =Hoja1!L15 -> 0 | G14: =+E14+F14 -> 0
A15: =IFERROR(DATEVALUE(CONCATENATE(CONCATENATE(REPT("0",2-LEN(Hoja1!A16)),Hoja1!A16),"/",CONCATENATE(REPT("0",2-LEN(Hoja1!B16)),Hoja1!B16),"/",Hoja1!$A$4)),"") | B15: =CONCATENATE(Hoja1!D16,"-",Hoja1!E16) -> - | C15: =Hoja1!C16 -> 0 | D15: =Hoja1!F16 -> 0 | E15: =Hoja1!K16 -> 0 | F15: =Hoja1!L16 -> 0 | G15: =+E15+F15 -> 0
A16: =IFERROR(DATEVALUE(CONCATENATE(CONCATENATE(REPT("0",2-LEN(Hoja1!A17)),Hoja1!A17),"/",CONCATENATE(REPT("0",2-LEN(Hoja1!B17)),Hoja1!B17),"/",Hoja1!$A$4)),"") | B16: =CONCATENATE(Hoja1!D17,"-",Hoja1!E17) -> - | C16: =Hoja1!C17 -> 0 | D16: =Hoja1!F17 -> 0 | E16: =Hoja1!K17 -> 0 | F16: =Hoja1!L17 -> 0 | G16: =+E16+F16 -> 0
A17: =IFERROR(DATEVALUE(CONCATENATE(CONCATENATE(REPT("0",2-LEN(Hoja1!A18)),Hoja1!A18),"/",CONCATENATE(REPT("0",2-LEN(Hoja1!B18)),Hoja1!B18),"/",Hoja1!$A$4)),"") | B17: =CONCATENATE(Hoja1!D18,"-",Hoja1!E18) -> - | C17: =Hoja1!C18 -> 0 | D17: =Hoja1!F18 -> 0 | E17: =Hoja1!K18 -> 0 | F17: =Hoja1!L18 -> 0 | G17: =+E17+F17 -> 0
A18: =IFERROR(DATEVALUE(CONCATENATE(CONCATENATE(REPT("0",2-LEN(Hoja1!A19)),Hoja1!A19),"/",CONCATENATE(REPT("0",2-LEN(Hoja1!B19)),Hoja1!B19),"/",Hoja1!$A$4)),"") | B18: =CONCATENATE(Hoja1!D19,"-",Hoja1!E19) -> - | C18: =Hoja1!C19 -> 0 | D18: =Hoja1!F19 -> 0 | E18: =Hoja1!K19 -> 0 | F18: =Hoja1!L19 -> 0 | G18: =+E18+F18 -> 0
... A20: =IFERROR(DATEVALUE(CONCATENATE(CONCATENATE(REPT("0",2-LEN(Hoja1!A21)),Hoja1!A21),"/",CONCATENATE(REPT("0",2-LEN(Hoja1!B21)),Hoja1!B21),"/",Hoja1!$A$4)),"") | B20: =CONCATENATE(Hoja1!D21,"-",Hoja1!E21) -> - | C20: =Hoja1!C21 -> 0 | D20: =Hoja1!F21 -> 0 | E20: =Hoja1!K21 -> 0 | F20: =Hoja1!L21 -> 0 | G20: =+E20+F20 -> 0
A21: =IFERROR(DATEVALUE(CONCATENATE(CONCATENATE(REPT("0",2-LEN(Hoja2!A7)),Hoja2!A7),"/",CONCATENATE(REPT("0",2-LEN(Hoja2!B7)),Hoja2!B7),"/",Hoja2!$A$4)),"") | B21: =CONCATENATE(Hoja2!D7,"-",Hoja2!E7) -> - | C21: =Hoja2!C7 -> 0 | D21: =Hoja2!F7 -> 0 | E21: =Hoja2!K7 -> 0 | F21: =Hoja2!L7 -> 0 | G21: =+E21+F21 -> 0
A22: =IFERROR(DATEVALUE(CONCATENATE(CONCATENATE(REPT("0",2-LEN(Hoja2!A8)),Hoja2!A8),"/",CONCATENATE(REPT("0",2-LEN(Hoja2!B8)),Hoja2!B8),"/",Hoja2!$A$4)),"") | B22: =CONCATENATE(Hoja2!D8,"-",Hoja2!E8) -> - | C22: =Hoja2!C8 -> 0 | D22: =Hoja2!F8 -> 0 | E22: =Hoja2!K8 -> 0 | F22: =Hoja2!L8 -> 0 | G22: =+E22+F22 -> 0
A23: =IFERROR(DATEVALUE(CONCATENATE(CONCATENATE(REPT("0",2-LEN(Hoja2!A9)),Hoja2!A9),"/",CONCATENATE(REPT("0",2-LEN(Hoja2!B9)),Hoja2!B9),"/",Hoja2!$A$4)),"") | B23: =CONCATENATE(Hoja2!D9,"-",Hoja2!E9) -> - | C23: =Hoja2!C9 -> 0 | D23: =Hoja2!F9 -> 0 | E23: =Hoja2!K9 -> 0 | F23: =Hoja2!L9 -> 0 | G23: =+E23+F23 -> 0
A24: =IFERROR(DATEVALUE(CONCATENATE(CONCATENATE(REPT("0",2-LEN(Hoja2!A10)),Hoja2!A10),"/",CONCATENATE(REPT("0",2-LEN(Hoja2!B10)),Hoja2!B10),"/",Hoja2!$A$4)),"") | B24: =CONCATENATE(Hoja2!D10,"-",Hoja2!E10) -> - | C24: =Hoja2!C10 -> 0 | D24: =Hoja2!F10 -> 0 | E24: =Hoja2!K10 -> 0 | F24: =Hoja2!L10 -> 0 | G24: =+E24+F24 -> 0
A25: =IFERROR(DATEVALUE(CONCATENATE(CONCATENATE(REPT("0",2-LEN(Hoja2!A11)),Hoja2!A11),"/",CONCATENATE(REPT("0",2-LEN(Hoja2!B11)),Hoja2!B11),"/",Hoja2!$A$4)),"") | B25: =CONCATENATE(Hoja2!D11,"-",Hoja2!E11) -> - | C25: =Hoja2!C11 -> 0 | D25: =Hoja2!F11 -> 0 | E25: =Hoja2!K11 -> 0 | F25: =Hoja2!L11 -> 0 | G25: =+E25+F25 -> 0
A26: =IFERROR(DATEVALUE(CONCATENATE(CONCATENATE(REPT("0",2-LEN(Hoja2!A12)),Hoja2!A12),"/",CONCATENATE(REPT("0",2-LEN(Hoja2!B12)),Hoja2!B12),"/",Hoja2!$A$4)),"") | B26: =CONCATENATE(Hoja2!D12,"-",Hoja2!E12) -> - | C26: =Hoja2!C12 -> 0 | D26: =Hoja2!F12 -> 0 | E26: =Hoja2!K12 -> 0 | F26: =Hoja2!L12 -> 0 | G26: =+E26+F26 -> 0
A27: =IFERROR(DATEVALUE(CONCATENATE(CONCATENATE(REPT("0",2-LEN(Hoja2!A13)),Hoja2!A13),"/",CONCATENATE(REPT("0",2-LEN(Hoja2!B13)),Hoja2!B13),"/",Hoja2!$A$4)),"") | B27: =CONCATENATE(Hoja2!D13,"-",Hoja2!E13) -> - | C27: =Hoja2!C13 -> 0 | D27: =Hoja2!F13 -> 0 | E27: =Hoja2!K13 -> 0 | F27: =Hoja2!L13 -> 0 | G27: =+E27+F27 -> 0
A28: =IFERROR(DATEVALUE(CONCATENATE(CONCATENATE(REPT("0",2-LEN(Hoja2!A14)),Hoja2!A14),"/",CONCATENATE(REPT("0",2-LEN(Hoja2!B14)),Hoja2!B14),"/",Hoja2!$A$4)),"") | B28: =CONCATENATE(Hoja2!D14,"-",Hoja2!E14) -> - | C28: =Hoja2!C14 -> 0 | D28: =Hoja2!F14 -> 0 | E28: =Hoja2!K14 -> 0 | F28: =Hoja2!L14 -> 0 | G28: =+E28+F28 -> 0
A29: =IFERROR(DATEVALUE(CONCATENATE(CONCATENATE(REPT("0",2-LEN(Hoja2!A15)),Hoja2!A15),"/",CONCATENATE(REPT("0",2-LEN(Hoja2!B15)),Hoja2!B15),"/",Hoja2!$A$4)),"") | B29: =CONCATENATE(Hoja2!D15,"-",Hoja2!E15) -> - | C29: =Hoja2!C15 -> 0 | D29: =Hoja2!F15 -> 0 | E29: =Hoja2!K15 -> 0 | F29: =Hoja2!L15 -> 0 | G29: =+E29+F29 -> 0
A30: =IFERROR(DATEVALUE(CONCATENATE(CONCATENATE(REPT("0",2-LEN(Hoja2!A16)),Hoja2!A16),"/",CONCATENATE(REPT("0",2-LEN(Hoja2!B16)),Hoja2!B16),"/",Hoja2!$A$4)),"") | B30: =CONCATENATE(Hoja2!D16,"-",Hoja2!E16) -> - | C30: =Hoja2!C16 -> 0 | D30: =Hoja2!F16 -> 0 | E30: =Hoja2!K16 -> 0 | F30: =Hoja2!L16 -> 0 | G30: =+E30+F30 -> 0
A31: =IFERROR(DATEVALUE(CONCATENATE(CONCATENATE(REPT("0",2-LEN(Hoja2!A17)),Hoja2!A17),"/",CONCATENATE(REPT("0",2-LEN(Hoja2!B17)),Hoja2!B17),"/",Hoja2!$A$4)),"") | B31: =CONCATENATE(Hoja2!D17,"-",Hoja2!E17) -> - | C31: =Hoja2!C17 -> 0 | D31: =Hoja2!F17 -> 0 | E31: =Hoja2!K17 -> 0 | F31: =Hoja2!L17 -> 0 | G31: =+E31+F31 -> 0
A32: =IFERROR(DATEVALUE(CONCATENATE(CONCATENATE(REPT("0",2-LEN(Hoja2!A18)),Hoja2!A18),"/",CONCATENATE(REPT("0",2-LEN(Hoja2!B18)),Hoja2!B18),"/",Hoja2!$A$4)),"") | B32: =CONCATENATE(Hoja2!D18,"-",Hoja2!E18) -> - | C32: =Hoja2!C18 -> 0 | D32: =Hoja2!F18 -> 0 | E32: =Hoja2!K18 -> 0 | F32: =Hoja2!L18 -> 0 | G32: =+E32+F32 -> 0
... A35: =IFERROR(DATEVALUE(CONCATENATE(CONCATENATE(REPT("0",2-LEN(Hoja2!A21)),Hoja2!A21),"/",CONCATENATE(REPT("0",2-LEN(Hoja2!B21)),Hoja2!B21),"/",Hoja2!$A$4)),"") | B35: =CONCATENATE(Hoja2!D21,"-",Hoja2!E21) -> - | C35: =Hoja2!C21 -> 0 | D35: =Hoja2!F21 -> 0 | E35: =Hoja2!K21 -> 0 | F35: =Hoja2!L21 -> 0 | G35: =+E35+F35 -> 0
A36: =IFERROR(DATEVALUE(CONCATENATE(CONCATENATE(REPT("0",2-LEN(Hoja3!A7)),Hoja3!A7),"/",CONCATENATE(REPT("0",2-LEN(Hoja3!B7)),Hoja3!B7),"/",Hoja3!$A$4)),"") | B36: =CONCATENATE(Hoja3!D7,"-",Hoja3!E7) -> - | C36: =Hoja3!C7 -> 0 | D36: =Hoja3!F7 -> 0 | E36: =Hoja3!K7 -> 0 | F36: =Hoja3!L7 -> 0 | G36: =+E36+F36 -> 0
A37: =IFERROR(DATEVALUE(CONCATENATE(CONCATENATE(REPT("0",2-LEN(Hoja3!A8)),Hoja3!A8),"/",CONCATENATE(REPT("0",2-LEN(Hoja3!B8)),Hoja3!B8),"/",Hoja3!$A$4)),"") | B37: =CONCATENATE(Hoja3!D8,"-",Hoja3!E8) -> - | C37: =Hoja3!C8 -> 0 | D37: =Hoja3!F8 -> 0 | E37: =Hoja3!K8 -> 0 | F37: =Hoja3!L8 -> 0 | G37: =+E37+F37 -> 0
A38: =IFERROR(DATEVALUE(CONCATENATE(CONCATENATE(REPT("0",2-LEN(Hoja3!A9)),Hoja3!A9),"/",CONCATENATE(REPT("0",2-LEN(Hoja3!B9)),Hoja3!B9),"/",Hoja3!$A$4)),"") | B38: =CONCATENATE(Hoja3!D9,"-",Hoja3!E9) -> - | C38: =Hoja3!C9 -> 0 | D38: =Hoja3!F9 -> 0 | E38: =Hoja3!K9 -> 0 | F38: =Hoja3!L9 -> 0 | G38: =+E38+F38 -> 0
A39: =IFERROR(DATEVALUE(CONCATENATE(CONCATENATE(REPT("0",2-LEN(Hoja3!A10)),Hoja3!A10),"/",CONCATENATE(REPT("0",2-LEN(Hoja3!B10)),Hoja3!B10),"/",Hoja3!$A$4)),"") | B39: =CONCATENATE(Hoja3!D10,"-",Hoja3!E10) -> - | C39: =Hoja3!C10 -> 0 | D39: =Hoja3!F10 -> 0 | E39: =Hoja3!K10 -> 0 | F39: =Hoja3!L10 -> 0 | G39: =+E39+F39 -> 0
A40: =IFERROR(DATEVALUE(CONCATENATE(CONCATENATE(REPT("0",2-LEN(Hoja3!A11)),Hoja3!A11),"/",CONCATENATE(REPT("0",2-LEN(Hoja3!B11)),Hoja3!B11),"/",Hoja3!$A$4)),"") | B40: =CONCATENATE(Hoja3!D11,"-",Hoja3!E11) -> - | C40: =Hoja3!C11 -> 0 | D40: =Hoja3!F11 -> 0 | E40: =Hoja3!K11 -> 0 | F40: =Hoja3!L11 -> 0 | G40: =+E40+F40 -> 0
A41: =IFERROR(DATEVALUE(CONCATENATE(CONCATENATE(REPT("0",2-LEN(Hoja3!A12)),Hoja3!A12),"/",CONCATENATE(REPT("0",2-LEN(Hoja3!B12)),Hoja3!B12),"/",Hoja3!$A$4)),"") | B41: =CONCATENATE(Hoja3!D12,"-",Hoja3!E12) -> - | C41: =Hoja3!C12 -> 0 | D41: =Hoja3!F12 -> 0 | E41: =Hoja3!K12 -> 0 | F41: =Hoja3!L12 -> 0 | G41: =+E41+F41 -> 0
A42: =IFERROR(DATEVALUE(CONCATENATE(CONCATENATE(REPT("0",2-LEN(Hoja3!A13)),Hoja3!A13),"/",CONCATENATE(REPT("0",2-LEN(Hoja3!B13)),Hoja3!B13),"/",Hoja3!$A$4)),"") | B42: =CONCATENATE(Hoja3!D13,"-",Hoja3!E13) -> - | C42: =Hoja3!C13 -> 0 | D42: =Hoja3!F13 -> 0 | E42: =Hoja3!K13 -> 0 | F42: =Hoja3!L13 -> 0 | G42: =+E42+F42 -> 0
A43: =IFERROR(DATEVALUE(CONCATENATE(CONCATENATE(REPT("0",2-LEN(Hoja3!A14)),Hoja3!A14),"/",CONCATENATE(REPT("0",2-LEN(Hoja3!B14)),Hoja3!B14),"/",Hoja3!$A$4)),"") | B43: =CONCATENATE(Hoja3!D14,"-",Hoja3!E14) -> - | C43: =Hoja3!C14 -> 0 | D43: =Hoja3!F14 -> 0 | E43: =Hoja3!K14 -> 0 | F43: =Hoja3!L14 -> 0 | G43: =+E43+F43 -> 0
A44: =IFERROR(DATEVALUE(CONCATENATE(CONCATENATE(REPT("0",2-LEN(Hoja3!A15)),Hoja3!A15),"/",CONCATENATE(REPT("0",2-LEN(Hoja3!B15)),Hoja3!B15),"/",Hoja3!$A$4)),"") | B44: =CONCATENATE(Hoja3!D15,"-",Hoja3!E15) -> - | C44: =Hoja3!C15 -> 0 | D44: =Hoja3!F15 -> 0 | E44: =Hoja3!K15 -> 0 | F44: =Hoja3!L15 -> 0 | G44: =+E44+F44 -> 0
A45: =IFERROR(DATEVALUE(CONCATENATE(CONCATENATE(REPT("0",2-LEN(Hoja3!A16)),Hoja3!A16),"/",CONCATENATE(REPT("0",2-LEN(Hoja3!B16)),Hoja3!B16),"/",Hoja3!$A$4)),"") | B45: =CONCATENATE(Hoja3!D16,"-",Hoja3!E16) -> - | C45: =Hoja3!C16 -> 0 | D45: =Hoja3!F16 -> 0 | E45: =Hoja3!K16 -> 0 | F45: =Hoja3!L16 -> 0 | G45: =+E45+F45 -> 0
A46: =IFERROR(DATEVALUE(CONCATENATE(CONCATENATE(REPT("0",2-LEN(Hoja3!A17)),Hoja3!A17),"/",CONCATENATE(REPT("0",2-LEN(Hoja3!B17)),Hoja3!B17),"/",Hoja3!$A$4)),"") | B46: =CONCATENATE(Hoja3!D17,"-",Hoja3!E17) -> - | C46: =Hoja3!C17 -> 0 | D46: =Hoja3!F17 -> 0 | E46: =Hoja3!K17 -> 0 | F46: =Hoja3!L17 -> 0 | G46: =+E46+F46 -> 0
A47: =IFERROR(DATEVALUE(CONCATENATE(CONCATENATE(REPT("0",2-LEN(Hoja3!A18)),Hoja3!A18),"/",CONCATENATE(REPT("0",2-LEN(Hoja3!B18)),Hoja3!B18),"/",Hoja3!$A$4)),"") | B47: =CONCATENATE(Hoja3!D18,"-",Hoja3!E18) -> - | C47: =Hoja3!C18 -> 0 | D47: =Hoja3!F18 -> 0 | E47: =Hoja3!K18 -> 0 | F47: =Hoja3!L18 -> 0 | G47: =+E47+F47 -> 0
... A50: =IFERROR(DATEVALUE(CONCATENATE(CONCATENATE(REPT("0",2-LEN(Hoja3!A21)),Hoja3!A21),"/",CONCATENATE(REPT("0",2-LEN(Hoja3!B21)),Hoja3!B21),"/",Hoja3!$A$4)),"") | B50: =CONCATENATE(Hoja3!D21,"-",Hoja3!E21) -> - | C50: =Hoja3!C21 -> 0 | D50: =Hoja3!F21 -> 0 | E50: =Hoja3!K21 -> 0 | F50: =Hoja3!L21 -> 0 | G50: =+E50+F50 -> 0
A51: =IFERROR(DATEVALUE(CONCATENATE(CONCATENATE(REPT("0",2-LEN(Hoja4!A7)),Hoja4!A7),"/",CONCATENATE(REPT("0",2-LEN(Hoja4!B7)),Hoja4!B7),"/",Hoja4!$A$4)),"") | B51: =CONCATENATE(Hoja4!D7,"-",Hoja4!E7) -> - | C51: =Hoja4!C7 -> 0 | D51: =Hoja4!F7 -> 0 | E51: =Hoja4!K7 -> 0 | F51: =Hoja4!L7 -> 0 | G51: =+E51+F51 -> 0
A52: =IFERROR(DATEVALUE(CONCATENATE(CONCATENATE(REPT("0",2-LEN(Hoja4!A8)),Hoja4!A8),"/",CONCATENATE(REPT("0",2-LEN(Hoja4!B8)),Hoja4!B8),"/",Hoja4!$A$4)),"") | B52: =CONCATENATE(Hoja4!D8,"-",Hoja4!E8) -> - | C52: =Hoja4!C8 -> 0 | D52: =Hoja4!F8 -> 0 | E52: =Hoja4!K8 -> 0 | F52: =Hoja4!L8 -> 0 | G52: =+E52+F52 -> 0
A53: =IFERROR(DATEVALUE(CONCATENATE(CONCATENATE(REPT("0",2-LEN(Hoja4!A9)),Hoja4!A9),"/",CONCATENATE(REPT("0",2-LEN(Hoja4!B9)),Hoja4!B9),"/",Hoja4!$A$4)),"") | B53: =CONCATENATE(Hoja4!D9,"-",Hoja4!E9) -> - | C53: =Hoja4!C9 -> 0 | D53: =Hoja4!F9 -> 0 | E53: =Hoja4!K9 -> 0 | F53: =Hoja4!L9 -> 0 | G53: =+E53+F53 -> 0
A54: =IFERROR(DATEVALUE(CONCATENATE(CONCATENATE(REPT("0",2-LEN(Hoja4!A10)),Hoja4!A10),"/",CONCATENATE(REPT("0",2-LEN(Hoja4!B10)),Hoja4!B10),"/",Hoja4!$A$4)),"") | B54: =CONCATENATE(Hoja4!D10,"-",Hoja4!E10) -> - | C54: =Hoja4!C10 -> 0 | D54: =Hoja4!F10 -> 0 | E54: =Hoja4!K10 -> 0 | F54: =Hoja4!L10 -> 0 | G54: =+E54+F54 -> 0
A55: =IFERROR(DATEVALUE(CONCATENATE(CONCATENATE(REPT("0",2-LEN(Hoja4!A11)),Hoja4!A11),"/",CONCATENATE(REPT("0",2-LEN(Hoja4!B11)),Hoja4!B11),"/",Hoja4!$A$4)),"") | B55: =CONCATENATE(Hoja4!D11,"-",Hoja4!E11) -> - | C55: =Hoja4!C11 -> 0 | D55: =Hoja4!F11 -> 0 | E55: =Hoja4!K11 -> 0 | F55: =Hoja4!L11 -> 0 | G55: =+E55+F55 -> 0
A56: =IFERROR(DATEVALUE(CONCATENATE(CONCATENATE(REPT("0",2-LEN(Hoja4!A12)),Hoja4!A12),"/",CONCATENATE(REPT("0",2-LEN(Hoja4!B12)),Hoja4!B12),"/",Hoja4!$A$4)),"") | B56: =CONCATENATE(Hoja4!D12,"-",Hoja4!E12) -> - | C56: =Hoja4!C12 -> 0 | D56: =Hoja4!F12 -> 0 | E56: =Hoja4!K12 -> 0 | F56: =Hoja4!L12 -> 0 | G56: =+E56+F56 -> 0
A57: =IFERROR(DATEVALUE(CONCATENATE(CONCATENATE(REPT("0",2-LEN(Hoja4!A13)),Hoja4!A13),"/",CONCATENATE(REPT("0",2-LEN(Hoja4!B13)),Hoja4!B13),"/",Hoja4!$A$4)),"") | B57: =CONCATENATE(Hoja4!D13,"-",Hoja4!E13) -> - | C57: =Hoja4!C13 -> 0 | D57: =Hoja4!F13 -> 0 | E57: =Hoja4!K13 -> 0 | F57: =Hoja4!L13 -> 0 | G57: =+E57+F57 -> 0
A58: =IFERROR(DATEVALUE(CONCATENATE(CONCATENATE(REPT("0",2-LEN(Hoja4!A14)),Hoja4!A14),"/",CONCATENATE(REPT("0",2-LEN(Hoja4!B14)),Hoja4!B14),"/",Hoja4!$A$4)),"") | B58: =CONCATENATE(Hoja4!D14,"-",Hoja4!E14) -> - | C58: =Hoja4!C14 -> 0 | D58: =Hoja4!F14 -> 0 | E58: =Hoja4!K14 -> 0 | F58: =Hoja4!L14 -> 0 | G58: =+E58+F58 -> 0
A59: =IFERROR(DATEVALUE(CONCATENATE(CONCATENATE(REPT("0",2-LEN(Hoja4!A15)),Hoja4!A15),"/",CONCATENATE(REPT("0",2-LEN(Hoja4!B15)),Hoja4!B15),"/",Hoja4!$A$4)),"") | B59: =CONCATENATE(Hoja4!D15,"-",Hoja4!E15) -> - | C59: =Hoja4!C15 -> 0 | D59: =Hoja4!F15 -> 0 | E59: =Hoja4!K15 -> 0 | F59: =Hoja4!L15 -> 0 | G59: =+E59+F59 -> 0
A60: =IFERROR(DATEVALUE(CONCATENATE(CONCATENATE(REPT("0",2-LEN(Hoja4!A16)),Hoja4!A16),"/",CONCATENATE(REPT("0",2-LEN(Hoja4!B16)),Hoja4!B16),"/",Hoja4!$A$4)),"") | B60: =CONCATENATE(Hoja4!D16,"-",Hoja4!E16) -> - | C60: =Hoja4!C16 -> 0 | D60: =Hoja4!F16 -> 0 | E60: =Hoja4!K16 -> 0 | F60: =Hoja4!L16 -> 0 | G60: =+E60+F60 -> 0
A61: =IFERROR(DATEVALUE(CONCATENATE(CONCATENATE(REPT("0",2-LEN(Hoja4!A17)),Hoja4!A17),"/",CONCATENATE(REPT("0",2-LEN(Hoja4!B17)),Hoja4!B17),"/",Hoja4!$A$4)),"") | B61: =CONCATENATE(Hoja4!D17,"-",Hoja4!E17) -> - | C61: =Hoja4!C17 -> 0 | D61: =Hoja4!F17 -> 0 | E61: =Hoja4!K17 -> 0 | F61: =Hoja4!L17 -> 0 | G61: =+E61+F61 -> 0
A62: =IFERROR(DATEVALUE(CONCATENATE(CONCATENATE(REPT("0",2-LEN(Hoja4!A18)),Hoja4!A18),"/",CONCATENATE(REPT("0",2-LEN(Hoja4!B18)),Hoja4!B18),"/",Hoja4!$A$4)),"") | B62: =CONCATENATE(Hoja4!D18,"-",Hoja4!E18) -> - | C62: =Hoja4!C18 -> 0 | D62: =Hoja4!F18 -> 0 | E62: =Hoja4!K18 -> 0 | F62: =Hoja4!L18 -> 0 | G62: =+E62+F62 -> 0
... A65: =IFERROR(DATEVALUE(CONCATENATE(CONCATENATE(REPT("0",2-LEN(Hoja4!A21)),Hoja4!A21),"/",CONCATENATE(REPT("0",2-LEN(Hoja4!B21)),Hoja4!B21),"/",Hoja4!$A$4)),"") | B65: =CONCATENATE(Hoja4!D21,"-",Hoja4!E21) -> - | C65: =Hoja4!C21 -> 0 | D65: =Hoja4!F21 -> 0 | E65: =Hoja4!K21 -> 0 | F65: =Hoja4!L21 -> 0 | G65: =+E65+F65 -> 0
A66: =IFERROR(DATEVALUE(CONCATENATE(CONCATENATE(REPT("0",2-LEN(Hoja5!A7)),Hoja5!A7),"/",CONCATENATE(REPT("0",2-LEN(Hoja5!B7)),Hoja5!B7),"/",Hoja5!$A$4)),"") | B66: =CONCATENATE(Hoja5!D7,"-",Hoja5!E7) -> - | C66: =Hoja5!C7 -> 0 | D66: =Hoja5!F7 -> 0 | E66: =Hoja5!K7 -> 0 | F66: =Hoja5!L7 -> 0 | G66: =+E66+F66 -> 0
A67: =IFERROR(DATEVALUE(CONCATENATE(CONCATENATE(REPT("0",2-LEN(Hoja5!A8)),Hoja5!A8),"/",CONCATENATE(REPT("0",2-LEN(Hoja5!B8)),Hoja5!B8),"/",Hoja5!$A$4)),"") | B67: =CONCATENATE(Hoja5!D8,"-",Hoja5!E8) -> - | C67: =Hoja5!C8 -> 0 | D67: =Hoja5!F8 -> 0 | E67: =Hoja5!K8 -> 0 | F67: =Hoja5!L8 -> 0 | G67: =+E67+F67 -> 0
A68: =IFERROR(DATEVALUE(CONCATENATE(CONCATENATE(REPT("0",2-LEN(Hoja5!A9)),Hoja5!A9),"/",CONCATENATE(REPT("0",2-LEN(Hoja5!B9)),Hoja5!B9),"/",Hoja5!$A$4)),"") | B68: =CONCATENATE(Hoja5!D9,"-",Hoja5!E9) -> - | C68: =Hoja5!C9 -> 0 | D68: =Hoja5!F9 -> 0 | E68: =Hoja5!K9 -> 0 | F68: =Hoja5!L9 -> 0 | G68: =+E68+F68 -> 0
A69: =IFERROR(DATEVALUE(CONCATENATE(CONCATENATE(REPT("0",2-LEN(Hoja5!A10)),Hoja5!A10),"/",CONCATENATE(REPT("0",2-LEN(Hoja5!B10)),Hoja5!B10),"/",Hoja5!$A$4)),"") | B69: =CONCATENATE(Hoja5!D10,"-",Hoja5!E10) -> - | C69: =Hoja5!C10 -> 0 | D69: =Hoja5!F10 -> 0 | E69: =Hoja5!K10 -> 0 | F69: =Hoja5!L10 -> 0 | G69: =+E69+F69 -> 0
A70: =IFERROR(DATEVALUE(CONCATENATE(CONCATENATE(REPT("0",2-LEN(Hoja5!A11)),Hoja5!A11),"/",CONCATENATE(REPT("0",2-LEN(Hoja5!B11)),Hoja5!B11),"/",Hoja5!$A$4)),"") | B70: =CONCATENATE(Hoja5!D11,"-",Hoja5!E11) -> - | C70: =Hoja5!C11 -> 0 | D70: =Hoja5!F11 -> 0 | E70: =Hoja5!K11 -> 0 | F70: =Hoja5!L11 -> 0 | G70: =+E70+F70 -> 0
A71: =IFERROR(DATEVALUE(CONCATENATE(CONCATENATE(REPT("0",2-LEN(Hoja5!A12)),Hoja5!A12),"/",CONCATENATE(REPT("0",2-LEN(Hoja5!B12)),Hoja5!B12),"/",Hoja5!$A$4)),"") | B71: =CONCATENATE(Hoja5!D12,"-",Hoja5!E12) -> - | C71: =Hoja5!C12 -> 0 | D71: =Hoja5!F12 -> 0 | E71: =Hoja5!K12 -> 0 | F71: =Hoja5!L12 -> 0 | G71: =+E71+F71 -> 0
A72: =IFERROR(DATEVALUE(CONCATENATE(CONCATENATE(REPT("0",2-LEN(Hoja5!A13)),Hoja5!A13),"/",CONCATENATE(REPT("0",2-LEN(Hoja5!B13)),Hoja5!B13),"/",Hoja5!$A$4)),"") | B72: =CONCATENATE(Hoja5!D13,"-",Hoja5!E13) -> - | C72: =Hoja5!C13 -> 0 | D72: =Hoja5!F13 -> 0 | E72: =Hoja5!K13 -> 0 | F72: =Hoja5!L13 -> 0 | G72: =+E72+F72 -> 0
A73: =IFERROR(DATEVALUE(CONCATENATE(CONCATENATE(REPT("0",2-LEN(Hoja5!A14)),Hoja5!A14),"/",CONCATENATE(REPT("0",2-LEN(Hoja5!B14)),Hoja5!B14),"/",Hoja5!$A$4)),"") | B73: =CONCATENATE(Hoja5!D14,"-",Hoja5!E14) -> - | C73: =Hoja5!C14 -> 0 | D73: =Hoja5!F14 -> 0 | E73: =Hoja5!K14 -> 0 | F73: =Hoja5!L14 -> 0 | G73: =+E73+F73 -> 0
A74: =IFERROR(DATEVALUE(CONCATENATE(CONCATENATE(REPT("0",2-LEN(Hoja5!A15)),Hoja5!A15),"/",CONCATENATE(REPT("0",2-LEN(Hoja5!B15)),Hoja5!B15),"/",Hoja5!$A$4)),"") | B74: =CONCATENATE(Hoja5!D15,"-",Hoja5!E15) -> - | C74: =Hoja5!C15 -> 0 | D74: =Hoja5!F15 -> 0 | E74: =Hoja5!K15 -> 0 | F74: =Hoja5!L15 -> 0 | G74: =+E74+F74 -> 0
A75: =IFERROR(DATEVALUE(CONCATENATE(CONCATENATE(REPT("0",2-LEN(Hoja5!A16)),Hoja5!A16),"/",CONCATENATE(REPT("0",2-LEN(Hoja5!B16)),Hoja5!B16),"/",Hoja5!$A$4)),"") | B75: =CONCATENATE(Hoja5!D16,"-",Hoja5!E16) -> - | C75: =Hoja5!C16 -> 0 | D75: =Hoja5!F16 -> 0 | E75: =Hoja5!K16 -> 0 | F75: =Hoja5!L16 -> 0 | G75: =+E75+F75 -> 0
A76: =IFERROR(DATEVALUE(CONCATENATE(CONCATENATE(REPT("0",2-LEN(Hoja5!A17)),Hoja5!A17),"/",CONCATENATE(REPT("0",2-LEN(Hoja5!B17)),Hoja5!B17),"/",Hoja5!$A$4)),"") | B76: =CONCATENATE(Hoja5!D17,"-",Hoja5!E17) -> - | C76: =Hoja5!C17 -> 0 | D76: =Hoja5!F17 -> 0 | E76: =Hoja5!K17 -> 0 | F76: =Hoja5!L17 -> 0 | G76: =+E76+F76 -> 0
A77: =IFERROR(DATEVALUE(CONCATENATE(CONCATENATE(REPT("0",2-LEN(Hoja5!A18)),Hoja5!A18),"/",CONCATENATE(REPT("0",2-LEN(Hoja5!B18)),Hoja5!B18),"/",Hoja5!$A$4)),"") | B77: =CONCATENATE(Hoja5!D18,"-",Hoja5!E18) -> - | C77: =Hoja5!C18 -> 0 | D77: =Hoja5!F18 -> 0 | E77: =Hoja5!K18 -> 0 | F77: =Hoja5!L18 -> 0 | G77: =+E77+F77 -> 0
... A80: =IFERROR(DATEVALUE(CONCATENATE(CONCATENATE(REPT("0",2-LEN(Hoja5!A21)),Hoja5!A21),"/",CONCATENATE(REPT("0",2-LEN(Hoja5!B21)),Hoja5!B21),"/",Hoja5!$A$4)),"") | B80: =CONCATENATE(Hoja5!D21,"-",Hoja5!E21) -> - | C80: =Hoja5!C21 -> 0 | D80: =Hoja5!F21 -> 0 | E80: =Hoja5!K21 -> 0 | F80: =Hoja5!L21 -> 0 | G80: =+E80+F80 -> 0
A81: =IFERROR(DATEVALUE(CONCATENATE(CONCATENATE(REPT("0",2-LEN(Hoja6!A7)),Hoja6!A7),"/",CONCATENATE(REPT("0",2-LEN(Hoja6!B7)),Hoja6!B7),"/",Hoja6!$A$4)),"") | B81: =CONCATENATE(Hoja6!D7,"-",Hoja6!E7) -> - | C81: =Hoja6!C7 -> 0 | D81: =Hoja6!F7 -> 0 | E81: =Hoja6!K7 -> 0 | F81: =Hoja6!L7 -> 0 | G81: =+E81+F81 -> 0
A82: =IFERROR(DATEVALUE(CONCATENATE(CONCATENATE(REPT("0",2-LEN(Hoja6!A8)),Hoja6!A8),"/",CONCATENATE(REPT("0",2-LEN(Hoja6!B8)),Hoja6!B8),"/",Hoja6!$A$4)),"") | B82: =CONCATENATE(Hoja6!D8,"-",Hoja6!E8) -> - | C82: =Hoja6!C8 -> 0 | D82: =Hoja6!F8 -> 0 | E82: =Hoja6!K8 -> 0 | F82: =Hoja6!L8 -> 0 | G82: =+E82+F82 -> 0
A83: =IFERROR(DATEVALUE(CONCATENATE(CONCATENATE(REPT("0",2-LEN(Hoja6!A9)),Hoja6!A9),"/",CONCATENATE(REPT("0",2-LEN(Hoja6!B9)),Hoja6!B9),"/",Hoja6!$A$4)),"") | B83: =CONCATENATE(Hoja6!D9,"-",Hoja6!E9) -> - | C83: =Hoja6!C9 -> 0 | D83: =Hoja6!F9 -> 0 | E83: =Hoja6!K9 -> 0 | F83: =Hoja6!L9 -> 0 | G83: =+E83+F83 -> 0
A84: =IFERROR(DATEVALUE(CONCATENATE(CONCATENATE(REPT("0",2-LEN(Hoja6!A10)),Hoja6!A10),"/",CONCATENATE(REPT("0",2-LEN(Hoja6!B10)),Hoja6!B10),"/",Hoja6!$A$4)),"") | B84: =CONCATENATE(Hoja6!D10,"-",Hoja6!E10) -> - | C84: =Hoja6!C10 -> 0 | D84: =Hoja6!F10 -> 0 | E84: =Hoja6!K10 -> 0 | F84: =Hoja6!L10 -> 0 | G84: =+E84+F84 -> 0
A85: =IFERROR(DATEVALUE(CONCATENATE(CONCATENATE(REPT("0",2-LEN(Hoja6!A11)),Hoja6!A11),"/",CONCATENATE(REPT("0",2-LEN(Hoja6!B11)),Hoja6!B11),"/",Hoja6!$A$4)),"") | B85: =CONCATENATE(Hoja6!D11,"-",Hoja6!E11) -> - | C85: =Hoja6!C11 -> 0 | D85: =Hoja6!F11 -> 0 | E85: =Hoja6!K11 -> 0 | F85: =Hoja6!L11 -> 0 | G85: =+E85+F85 -> 0
A86: =IFERROR(DATEVALUE(CONCATENATE(CONCATENATE(REPT("0",2-LEN(Hoja6!A12)),Hoja6!A12),"/",CONCATENATE(REPT("0",2-LEN(Hoja6!B12)),Hoja6!B12),"/",Hoja6!$A$4)),"") | B86: =CONCATENATE(Hoja6!D12,"-",Hoja6!E12) -> - | C86: =Hoja6!C12 -> 0 | D86: =Hoja6!F12 -> 0 | E86: =Hoja6!K12 -> 0 | F86: =Hoja6!L12 -> 0 | G86: =+E86+F86 -> 0
A87: =IFERROR(DATEVALUE(CONCATENATE(CONCATENATE(REPT("0",2-LEN(Hoja6!A13)),Hoja6!A13),"/",CONCATENATE(REPT("0",2-LEN(Hoja6!B13)),Hoja6!B13),"/",Hoja6!$A$4)),"") | B87: =CONCATENATE(Hoja6!D13,"-",Hoja6!E13) -> - | C87: =Hoja6!C13 -> 0 | D87: =Hoja6!F13 -> 0 | E87: =Hoja6!K13 -> 0 | F87: =Hoja6!L13 -> 0 | G87: =+E87+F87 -> 0
A88: =IFERROR(DATEVALUE(CONCATENATE(CONCATENATE(REPT("0",2-LEN(Hoja6!A14)),Hoja6!A14),"/",CONCATENATE(REPT("0",2-LEN(Hoja6!B14)),Hoja6!B14),"/",Hoja6!$A$4)),"") | B88: =CONCATENATE(Hoja6!D14,"-",Hoja6!E14) -> - | C88: =Hoja6!C14 -> 0 | D88: =Hoja6!F14 -> 0 | E88: =Hoja6!K14 -> 0 | F88: =Hoja6!L14 -> 0 | G88: =+E88+F88 -> 0
A89: =IFERROR(DATEVALUE(CONCATENATE(CONCATENATE(REPT("0",2-LEN(Hoja6!A15)),Hoja6!A15),"/",CONCATENATE(REPT("0",2-LEN(Hoja6!B15)),Hoja6!B15),"/",Hoja6!$A$4)),"") | B89: =CONCATENATE(Hoja6!D15,"-",Hoja6!E15) -> - | C89: =Hoja6!C15 -> 0 | D89: =Hoja6!F15 -> 0 | E89: =Hoja6!K15 -> 0 | F89: =Hoja6!L15 -> 0 | G89: =+E89+F89 -> 0
A90: =IFERROR(DATEVALUE(CONCATENATE(CONCATENATE(REPT("0",2-LEN(Hoja6!A16)),Hoja6!A16),"/",CONCATENATE(REPT("0",2-LEN(Hoja6!B16)),Hoja6!B16),"/",Hoja6!$A$4)),"") | B90: =CONCATENATE(Hoja6!D16,"-",Hoja6!E16) -> - | C90: =Hoja6!C16 -> 0 | D90: =Hoja6!F16 -> 0 | E90: =Hoja6!K16 -> 0 | F90: =Hoja6!L16 -> 0 | G90: =+E90+F90 -> 0
A91: =IFERROR(DATEVALUE(CONCATENATE(CONCATENATE(REPT("0",2-LEN(Hoja6!A17)),Hoja6!A17),"/",CONCATENATE(REPT("0",2-LEN(Hoja6!B17)),Hoja6!B17),"/",Hoja6!$A$4)),"") | B91: =CONCATENATE(Hoja6!D17,"-",Hoja6!E17) -> - | C91: =Hoja6!C17 -> 0 | D91: =Hoja6!F17 -> 0 | E91: =Hoja6!K17 -> 0 | F91: =Hoja6!L17 -> 0 | G91: =+E91+F91 -> 0
A92: =IFERROR(DATEVALUE(CONCATENATE(CONCATENATE(REPT("0",2-LEN(Hoja6!A18)),Hoja6!A18),"/",CONCATENATE(REPT("0",2-LEN(Hoja6!B18)),Hoja6!B18),"/",Hoja6!$A$4)),"") | B92: =CONCATENATE(Hoja6!D18,"-",Hoja6!E18) -> - | C92: =Hoja6!C18 -> 0 | D92: =Hoja6!F18 -> 0 | E92: =Hoja6!K18 -> 0 | F92: =Hoja6!L18 -> 0 | G92: =+E92+F92 -> 0
... A95: =IFERROR(DATEVALUE(CONCATENATE(CONCATENATE(REPT("0",2-LEN(Hoja6!A21)),Hoja6!A21),"/",CONCATENATE(REPT("0",2-LEN(Hoja6!B21)),Hoja6!B21),"/",Hoja6!$A$4)),"") | B95: =CONCATENATE(Hoja6!D21,"-",Hoja6!E21) -> - | C95: =Hoja6!C21 -> 0 | D95: =Hoja6!F21 -> 0 | E95: =Hoja6!K21 -> 0 | F95: =Hoja6!L21 -> 0 | G95: =+E95+F95 -> 0
A96: =IFERROR(DATEVALUE(CONCATENATE(CONCATENATE(REPT("0",2-LEN(Hoja7!A7)),Hoja7!A7),"/",CONCATENATE(REPT("0",2-LEN(Hoja7!B7)),Hoja7!B7),"/",Hoja7!$A$4)),"") | B96: =CONCATENATE(Hoja7!D7,"-",Hoja7!E7) -> - | C96: =Hoja7!C7 -> 0 | D96: =Hoja7!F7 -> 0 | E96: =Hoja7!K7 -> 0 | F96: =Hoja7!L7 -> 0 | G96: =+E96+F96 -> 0
A97: =IFERROR(DATEVALUE(CONCATENATE(CONCATENATE(REPT("0",2-LEN(Hoja7!A8)),Hoja7!A8),"/",CONCATENATE(REPT("0",2-LEN(Hoja7!B8)),Hoja7!B8),"/",Hoja7!$A$4)),"") | B97: =CONCATENATE(Hoja7!D8,"-",Hoja7!E8) -> - | C97: =Hoja7!C8 -> 0 | D97: =Hoja7!F8 -> 0 | E97: =Hoja7!K8 -> 0 | F97: =Hoja7!L8 -> 0 | G97: =+E97+F97 -> 0
A98: =IFERROR(DATEVALUE(CONCATENATE(CONCATENATE(REPT("0",2-LEN(Hoja7!A9)),Hoja7!A9),"/",CONCATENATE(REPT("0",2-LEN(Hoja7!B9)),Hoja7!B9),"/",Hoja7!$A$4)),"") | B98: =CONCATENATE(Hoja7!D9,"-",Hoja7!E9) -> - | C98: =Hoja7!C9 -> 0 | D98: =Hoja7!F9 -> 0 | E98: =Hoja7!K9 -> 0 | F98: =Hoja7!L9 -> 0 | G98: =+E98+F98 -> 0
A99: =IFERROR(DATEVALUE(CONCATENATE(CONCATENATE(REPT("0",2-LEN(Hoja7!A10)),Hoja7!A10),"/",CONCATENATE(REPT("0",2-LEN(Hoja7!B10)),Hoja7!B10),"/",Hoja7!$A$4)),"") | B99: =CONCATENATE(Hoja7!D10,"-",Hoja7!E10) -> - | C99: =Hoja7!C10 -> 0 | D99: =Hoja7!F10 -> 0 | E99: =Hoja7!K10 -> 0 | F99: =Hoja7!L10 -> 0 | G99: =+E99+F99 -> 0
A100: =IFERROR(DATEVALUE(CONCATENATE(CONCATENATE(REPT("0",2-LEN(Hoja7!A11)),Hoja7!A11),"/",CONCATENATE(REPT("0",2-LEN(Hoja7!B11)),Hoja7!B11),"/",Hoja7!$A$4)),"") | B100: =CONCATENATE(Hoja7!D11,"-",Hoja7!E11) -> - | C100: =Hoja7!C11 -> 0 | D100: =Hoja7!F11 -> 0 | E100: =Hoja7!K11 -> 0 | F100: =Hoja7!L11 -> 0 | G100: =+E100+F100 -> 0
A101: =IFERROR(DATEVALUE(CONCATENATE(CONCATENATE(REPT("0",2-LEN(Hoja7!A12)),Hoja7!A12),"/",CONCATENATE(REPT("0",2-LEN(Hoja7!B12)),Hoja7!B12),"/",Hoja7!$A$4)),"") | B101: =CONCATENATE(Hoja7!D12,"-",Hoja7!E12) -> - | C101: =Hoja7!C12 -> 0 | D101: =Hoja7!F12 -> 0 | E101: =Hoja7!K12 -> 0 | F101: =Hoja7!L12 -> 0 | G101: =+E101+F101 -> 0
A102: =IFERROR(DATEVALUE(CONCATENATE(CONCATENATE(REPT("0",2-LEN(Hoja7!A13)),Hoja7!A13),"/",CONCATENATE(REPT("0",2-LEN(Hoja7!B13)),Hoja7!B13),"/",Hoja7!$A$4)),"") | B102: =CONCATENATE(Hoja7!D13,"-",Hoja7!E13) -> - | C102: =Hoja7!C13 -> 0 | D102: =Hoja7!F13 -> 0 | E102: =Hoja7!K13 -> 0 | F102: =Hoja7!L13 -> 0 | G102: =+E102+F102 -> 0
A103: =IFERROR(DATEVALUE(CONCATENATE(CONCATENATE(REPT("0",2-LEN(Hoja7!A14)),Hoja7!A14),"/",CONCATENATE(REPT("0",2-LEN(Hoja7!B14)),Hoja7!B14),"/",Hoja7!$A$4)),"") | B103: =CONCATENATE(Hoja7!D14,"-",Hoja7!E14) -> - | C103: =Hoja7!C14 -> 0 | D103: =Hoja7!F14 -> 0 | E103: =Hoja7!K14 -> 0 | F103: =Hoja7!L14 -> 0 | G103: =+E103+F103 -> 0
A104: =IFERROR(DATEVALUE(CONCATENATE(CONCATENATE(REPT("0",2-LEN(Hoja7!A15)),Hoja7!A15),"/",CONCATENATE(REPT("0",2-LEN(Hoja7!B15)),Hoja7!B15),"/",Hoja7!$A$4)),"") | B104: =CONCATENATE(Hoja7!D15,"-",Hoja7!E15) -> - | C104: =Hoja7!C15 -> 0 | D104: =Hoja7!F15 -> 0 | E104: =Hoja7!K15 -> 0 | F104: =Hoja7!L15 -> 0 | G104: =+E104+F104 -> 0
A105: =IFERROR(DATEVALUE(CONCATENATE(CONCATENATE(REPT("0",2-LEN(Hoja7!A16)),Hoja7!A16),"/",CONCATENATE(REPT("0",2-LEN(Hoja7!B16)),Hoja7!B16),"/",Hoja7!$A$4)),"") | B105: =CONCATENATE(Hoja7!D16,"-",Hoja7!E16) -> - | C105: =Hoja7!C16 -> 0 | D105: =Hoja7!F16 -> 0 | E105: =Hoja7!K16 -> 0 | F105: =Hoja7!L16 -> 0 | G105: =+E105+F105 -> 0
A106: =IFERROR(DATEVALUE(CONCATENATE(CONCATENATE(REPT("0",2-LEN(Hoja7!A17)),Hoja7!A17),"/",CONCATENATE(REPT("0",2-LEN(Hoja7!B17)),Hoja7!B17),"/",Hoja7!$A$4)),"") | B106: =CONCATENATE(Hoja7!D17,"-",Hoja7!E17) -> - | C106: =Hoja7!C17 -> 0 | D106: =Hoja7!F17 -> 0 | E106: =Hoja7!K17 -> 0 | F106: =Hoja7!L17 -> 0 | G106: =+E106+F106 -> 0
A107: =IFERROR(DATEVALUE(CONCATENATE(CONCATENATE(REPT("0",2-LEN(Hoja7!A18)),Hoja7!A18),"/",CONCATENATE(REPT("0",2-LEN(Hoja7!B18)),Hoja7!B18),"/",Hoja7!$A$4)),"") | B107: =CONCATENATE(Hoja7!D18,"-",Hoja7!E18) -> - | C107: =Hoja7!C18 -> 0 | D107: =Hoja7!F18 -> 0 | E107: =Hoja7!K18 -> 0 | F107: =Hoja7!L18 -> 0 | G107: =+E107+F107 -> 0
... A110: =IFERROR(DATEVALUE(CONCATENATE(CONCATENATE(REPT("0",2-LEN(Hoja7!A21)),Hoja7!A21),"/",CONCATENATE(REPT("0",2-LEN(Hoja7!B21)),Hoja7!B21),"/",Hoja7!$A$4)),"") | B110: =CONCATENATE(Hoja7!D21,"-",Hoja7!E21) -> - | C110: =Hoja7!C21 -> 0 | D110: =Hoja7!F21 -> 0 | E110: =Hoja7!K21 -> 0 | F110: =Hoja7!L21 -> 0 | G110: =+E110+F110 -> 0
A111: =IFERROR(DATEVALUE(CONCATENATE(CONCATENATE(REPT("0",2-LEN(Hoja8!A7)),Hoja8!A7),"/",CONCATENATE(REPT("0",2-LEN(Hoja8!B7)),Hoja8!B7),"/",Hoja8!$A$4)),"") | B111: =CONCATENATE(Hoja8!D7,"-",Hoja8!E7) -> - | C111: =Hoja8!C7 -> 0 | D111: =Hoja8!F7 -> 0 | E111: =Hoja8!K7 -> 0 | F111: =Hoja8!L7 -> 0 | G111: =+E111+F111 -> 0
A112: =IFERROR(DATEVALUE(CONCATENATE(CONCATENATE(REPT("0",2-LEN(Hoja8!A8)),Hoja8!A8),"/",CONCATENATE(REPT("0",2-LEN(Hoja8!B8)),Hoja8!B8),"/",Hoja8!$A$4)),"") | B112: =CONCATENATE(Hoja8!D8,"-",Hoja8!E8) -> - | C112: =Hoja8!C8 -> 0 | D112: =Hoja8!F8 -> 0 | E112: =Hoja8!K8 -> 0 | F112: =Hoja8!L8 -> 0 | G112: =+E112+F112 -> 0
A113: =IFERROR(DATEVALUE(CONCATENATE(CONCATENATE(REPT("0",2-LEN(Hoja8!A9)),Hoja8!A9),"/",CONCATENATE(REPT("0",2-LEN(Hoja8!B9)),Hoja8!B9),"/",Hoja8!$A$4)),"") | B113: =CONCATENATE(Hoja8!D9,"-",Hoja8!E9) -> - | C113: =Hoja8!C9 -> 0 | D113: =Hoja8!F9 -> 0 | E113: =Hoja8!K9 -> 0 | F113: =Hoja8!L9 -> 0 | G113: =+E113+F113 -> 0
A114: =IFERROR(DATEVALUE(CONCATENATE(CONCATENATE(REPT("0",2-LEN(Hoja8!A10)),Hoja8!A10),"/",CONCATENATE(REPT("0",2-LEN(Hoja8!B10)),Hoja8!B10),"/",Hoja8!$A$4)),"") | B114: =CONCATENATE(Hoja8!D10,"-",Hoja8!E10) -> - | C114: =Hoja8!C10 -> 0 | D114: =Hoja8!F10 -> 0 | E114: =Hoja8!K10 -> 0 | F114: =Hoja8!L10 -> 0 | G114: =+E114+F114 -> 0
A115: =IFERROR(DATEVALUE(CONCATENATE(CONCATENATE(REPT("0",2-LEN(Hoja8!A11)),Hoja8!A11),"/",CONCATENATE(REPT("0",2-LEN(Hoja8!B11)),Hoja8!B11),"/",Hoja8!$A$4)),"") | B115: =CONCATENATE(Hoja8!D11,"-",Hoja8!E11) -> - | C115: =Hoja8!C11 -> 0 | D115: =Hoja8!F11 -> 0 | E115: =Hoja8!K11 -> 0 | F115: =Hoja8!L11 -> 0 | G115: =+E115+F115 -> 0
A116: =IFERROR(DATEVALUE(CONCATENATE(CONCATENATE(REPT("0",2-LEN(Hoja8!A12)),Hoja8!A12),"/",CONCATENATE(REPT("0",2-LEN(Hoja8!B12)),Hoja8!B12),"/",Hoja8!$A$4)),"") | B116: =CONCATENATE(Hoja8!D12,"-",Hoja8!E12) -> - | C116: =Hoja8!C12 -> 0 | D116: =Hoja8!F12 -> 0 | E116: =Hoja8!K12 -> 0 | F116: =Hoja8!L12 -> 0 | G116: =+E116+F116 -> 0
...

Sheet Hoja1
B1: APELLIDO Y NOMBRE: | I1: CERTIFICADO DE COMPETENCIA: | M1: TCP | O1: LEGAJO: | Q1: FOLIO N
A2: AÑO | C2: ITINERARIO | G2: FINALIDAD DEL VUELO | H2: AERONAVES UTILIZADAS | K2: TIEMPOS DE VUELO | M2: ATERRIZAJES | N2: DISCRIMINACIÓN DE TIEMPOS DE VUELO | P2: CERTIFICACIONES
C3: HORA DE SALIDA | D3: DESDE - HASTA | F3: HORA DE LLEGADA | H3: MARCA | I3: MATRÍCULA | J3: FOLIO RVA | K3: DE DÍA | L3: NOCHE
A4: 2024 | N4: INSTRUCTOR | O4: TIPO DE
A5: DÍA | B5: MES | N5: DE TCP | O5: AERONAVE | U5: Diurnos | W5: Nocturnos
H6: TOTALES PÁGINA ANTERIOR | K6: 0 | L6: 0 | M6: 0 | P6: =K6+L6 -> 0 | Q6: Total horas de vuelo de la página anterior | S6: Dia | T6: Mes | U6: Desde | V6: Hasta | W6: Desde | X6: Hasta | Y6: Estacion
A7: 1 | B7: 1 | C7: 0.041666667 | D7: AEP | E7: COR | F7: 0.083333333 | G7: LA | H7: B738 | I7: LV-KEF | J7: 123 | K7: =IF(AND(C7<U7,F7>U7,F7<=V7,C7<F7),F7-U7,0)*24+IF(AND(C7>=U7,F7<=V7,C7<F7),F7-C7,0)*24+ IF(AND(C7>=U7,C7<=V7,C7<F7,F7>V7,F7<VALUE("24:00")),V7-C7,0)*24+IF(AND(C7>=U7,C7<=V7,F7>=VALUE("00:00"),F7<U7),V7-C7,0)*24 -> 0 | L7: 1.5 | M7: =IF(F7<>"",1,0) -> 1 | P7: =K7+L7 -> 1.5 | S7: =CONCATENATE(REPT("0",2-LEN(A7)),A7) -> 01 | T7: =CONCATENATE(REPT("0",2-LEN(B7)),B7) -> 01 | U7: =IFERROR(VLOOKUP(Y7,Parametros!$A$10:$G$13,4,0),0) -> 0.375 | V7: =IFERROR(VLOOKUP(Y7,Parametros!$A$10:$G$13,5,0),0) -> 0.95833333 | W7: =IFERROR(VLOOKUP(Y7,Parametros!$A$10:$G$13,6,0),0) -> 0.95902778 | X7: =IFERROR(VLOOKUP(Y7,Parametros!$A$10:$G$13,7,0),0) -> 0.37430556 | Y7: =IF(AND(VALUE(CONCATENATE(T7,S7))>=Parametros!$B$11,VALUE(CONCATENATE(T7,S7))<=Parametros!$C$11),Parametros!$A$11,IF(AND(VALUE(CONCATENATE(T7,S7))>=Parametros!$B$12,VALUE(CONCATENATE(T7,S7))<=Parametros!$C$12),Parametros!$A$12,IF(AND(VALUE(CONCATENATE(T7,S7))>=Parametros!$B$13,VALUE(CONCATENATE(T7,S7))<=Parametros!$C$13),Parametros!$A$13,Parametros!$A$10))) -> Verano
K8: =IF(AND(C8<U8,F8>U8,F8<=V8,C8<F8),F8-U8,0)*24+IF(AND(C8>=U8,F8<=V8,C8<F8),F8-C8,0)*24+ IF(AND(C8>=U8,C8<=V8,C8<F8,F8>V8,F8<VALUE("24:00")),V8-C8,0)*24+IF(AND(C8>=U8,C8<=V8,F8>=VALUE("00:00"),F8<U8),V8-C8,0)*24 -> 0 | L8: =IF(AND((C8)<V8,(F8)<U8,C8<=F8),(F8)-(C8),0)*24+IF(AND(C8<U8,F8>U8,F8<=V8,C8<F8),U8-C8,0)*24+IF(AND(C8>=U8,C8<=V8,C8<F8,F8>V8,F8<VALUE("24:00")),F8-V8,0)*24+IF(AND(C8<F8,"24:00">F8,C8>V8,F8>V8),F8-C8,0)*24+IF(AND(C8>=U8,C8<=V8,F8>VALUE("00:00"),F8<U8),VALUE("24:00")-V8+F8,0)*24+IF(AND(C8>V8,F8<C8,F8<U8,F8>=VALUE("00:00")),VALUE("24:00")-C8+F8,0)*24 -> 0 | M8: =IF(F8<>"",1,0) -> 0 | P8: =K8+L8 -> 0 | S8: =CONCATENATE(REPT("0",2-LEN(A8)),A8) -> 00 | T8: =CONCATENATE(REPT("0",2-LEN(B8)),B8) -> 00 | U8: =IFERROR(VLOOKUP(Y8,Parametros!$A$10:$G$13,4,0),0) -> 0.375 | V8: =IFERROR(VLOOKUP(Y8,Parametros!$A$10:$G$13,5,0),0) -> 0.95833333 | W8: =IFERROR(VLOOKUP(Y8,Parametros!$A$10:$G$13,6,0),0) -> 0.95902778 | X8: =IFERROR(VLOOKUP(Y8,Parametros!$A$10:$G$13,7,0),0) -> 0.37430556 | Y8: =IF(AND(VALUE(CONCATENATE(T8,S8))>=Parametros!$B$11,VALUE(CONCATENATE(T8,S8))<=Parametros!$C$11),Parametros!$A$11,IF(AND(VALUE(CONCATENATE(T8,S8))>=Parametros!$B$12,VALUE(CONCATENATE(T8,S8))<=Parametros!$C$12),Parametros!$A$12,IF(AND(VALUE(CONCATENATE(T8,S8))>=Parametros!$B$13,VALUE(CONCATENATE(T8,S8))<=Parametros!$C$13),Parametros!$A$13,Parametros!$A$10))) -> Verano
K9: =IF(AND(C9<U9,F9>U9,F9<=V9,C9<F9),F9-U9,0)*24+IF(AND(C9>=U9,F9<=V9,C9<F9),F9-C9,0)*24+ IF(AND(C9>=U9,C9<=V9,C9<F9,F9>V9,F9<VALUE("24:00")),V9-C9,0)*24+IF(AND(C9>=U9,C9<=V9,F9>=VALUE("00:00"),F9<U9),V9-C9,0)*24 -> 0 | L9: =IF(AND((C9)<V9,(F9)<U9,C9<=F9),(F9)-(C9),0)*24+IF(AND(C9<U9,F9>U9,F9<=V9,C9<F9),U9-C9,0)*24+IF(AND(C9>=U9,C9<=V9,C9<F9,F9>V9,F9<VALUE("24:00")),F9-V9,0)*24+IF(AND(C9<F9,"24:00">F9,C9>V9,F9>V9),F9-C9,0)*24+IF(AND(C9>=U9,C9<=V9,F9>VALUE("00:00"),F9<U9),VALUE("24:00")-V9+F9,0)*24+IF(AND(C9>V9,F9<C9,F9<U9,F9>=VALUE("00:00")),VALUE("24:00")-C9+F9,0)*24 -> 0 | M9: =IF(F9<>"",1,0) -> 0 | P9: =K9+L9 -> 0 | S9: =CONCATENATE(REPT("0",2-LEN(A9)),A9) -> 00 | T9: =CONCATENATE(REPT("0",2-LEN(B9)),B9) -> 00 | U9: =IFERROR(VLOOKUP(Y9,Parametros!$A$10:$G$13,4,0),0) -> 0.375 | V9: =IFERROR(VLOOKUP(Y9,Parametros!$A$10:$G$13,5,0),0) -> 0.95833333 | W9: =IFERROR(VLOOKUP(Y9,Parametros!$A$10:$G$13,6,0),0) -> 0.95902778 | X9: =IFERROR(VLOOKUP(Y9,Parametros!$A$10:$G$13,7,0),0) -> 0.37430556 | Y9: =IF(AND(VALUE(CONCATENATE(T9,S9))>=Parametros!$B$11,VALUE(CONCATENATE(T9,S9))<=Parametros!$C$11),Parametros!$A$11,IF(AND(VALUE(CONCATENATE(T9,S9))>=Parametros!$B$12,VALUE(CONCATENATE(T9,S9))<=Parametros!$C$12),Parametros!$A$12,IF(AND(VALUE(CONCATENATE(T9,S9))>=Parametros!$B$13,VALUE(CONCATENATE(T9,S9))<=Parametros!$C$13),Parametros!$A$13,Parametros!$A$10))) -> Verano
K10: =IF(AND(C10<U10,F10>U10,F10<=V10,C10<F10),F10-U10,0)*24+IF(AND(C10>=U10,F10<=V10,C10<F10),F10-C10,0)*24+ IF(AND(C10>=U10,C10<=V10,C10<F10,F10>V10,F10<VALUE("24:00")),V10-C10,0)*24+IF(AND(C10>=U10,C10<=V10,F10>=VALUE("00:00"),F10<U10),V10-C10,0)*24 -> 0 | L10: =IF(AND((C10)<V10,(F10)<U10,C10<=F10),(F10)-(C10),0)*24+IF(AND(C10<U10,F10>U10,F10<=V10,C10<F10),U10-C10,0)*24+IF(AND(C10>=U10,C10<=V10,C10<F10,F10>V10,F10<VALUE("24:00")),F10-V10,0)*24+IF(AND(C10<F10,"24:00">F10,C10>V10,F10>V10),F10-C10,0)*24+IF(AND(C10>=U10,C10<=V10,F10>VALUE("00:00"),F10<U10),VALUE("24:00")-V10+F10,0)*24+IF(AND(C10>V10,F10<C10,F10<U10,F10>=VALUE("00:00")),VALUE("24:00")-C10+F10,0)*24 -> 0 | M10: =IF(F10<>"",1,0) -> 0 | P10: =K10+L10 -> 0 | S10: =CONCATENATE(REPT("0",2-LEN(A10)),A10) -> 00 | T10: =CONCATENATE(REPT("0",2-LEN(B10)),B10) -> 00 | U10: =IFERROR(VLOOKUP(Y10,Parametros!$A$10:$G$13,4,0),0) -> 0.375 | V10: =IFERROR(VLOOKUP(Y10,Parametros!$A$10:$G$13,5,0),0) -> 0.95833333 | W10: =IFERROR(VLOOKUP(Y10,Parametros!$A$10:$G$13,6,0),0) -> 0.95902778 | X10: =IFERROR(VLOOKUP(Y10,Parametros!$A$10:$G$13,7,0),0) -> 0.37430556 | Y10: =IF(AND(VALUE(CONCATENATE(T10,S10))>=Parametros!$B$11,VALUE(CONCATENATE(T10,S10))<=Parametros!$C$11),Parametros!$A$11,IF(AND(VALUE(CONCATENATE(T10,S10))>=Parametros!$B$12,VALUE(CONCATENATE(T10,S10))<=Parametros!$C$12),Parametros!$A$12,IF(AND(VALUE(CONCATENATE(T10,S10))>=Parametros!$B$13,VALUE(CONCATENATE(T10,S10))<=Parametros!$C$13),Parametros!$A$13,Parametros!$A$10))) -> Verano
K11: =IF(AND(C11<U11,F11>U11,F11<=V11,C11<F11),F11-U11,0)*24+IF(AND(C11>=U11,F11<=V11,C11<F11),F11-C11,0)*24+ IF(AND(C11>=U11,C11<=V11,C11<F11,F11>V11,F11<VALUE("24:00")),V11-C11,0)*24+IF(AND(C11>=U11,C11<=V11,F11>=VALUE("00:00"),F11<U11),V11-C11,0)*24 -> 0 | L11: =IF(AND((C11)<V11,(F11)<U11,C11<=F11),(F11)-(C11),0)*24+IF(AND(C11<U11,F11>U11,F11<=V11,C11<F11),U11-C11,0)*24+IF(AND(C11>=U11,C11<=V11,C11<F11,F11>V11,F11<VALUE("24:00")),F11-V11,0)*24+IF(AND(C11<F11,"24:00">F11,C11>V11,F11>V11),F11-C11,0)*24+IF(AND(C11>=U11,C11<=V11,F11>VALUE("00:00"),F11<U11),VALUE("24:00")-V11+F11,0)*24+IF(AND(C11>V11,F11<C11,F11<U11,F11>=VALUE("00:00")),VALUE("24:00")-C11+F11,0)*24 -> 0 | M11: =IF(F11<>"",1,0) -> 0 | P11: =K11+L11 -> 0 | S11: =CONCATENATE(REPT("0",2-LEN(A11)),A11) -> 00 | T11: =CONCATENATE(REPT("0",2-LEN(B11)),B11) -> 00 | U11: =IFERROR(VLOOKUP(Y11,Parametros!$A$10:$G$13,4,0),0) -> 0.375 | V11: =IFERROR(VLOOKUP(Y11,Parametros!$A$10:$G$13,5,0),0) -> 0.95833333 | W11: =IFERROR(VLOOKUP(Y11,Parametros!$A$10:$G$13,6,0),0) -> 0.95902778 | X11: =IFERROR(VLOOKUP(Y11,Parametros!$A$10:$G$13,7,0),0) -> 0.37430556 | Y11: =IF(AND(VALUE(CONCATENATE(T11,S11))>=Parametros!$B$11,VALUE(CONCATENATE(T11,S11))<=Parametros!$C$11),Parametros!$A$11,IF(AND(VALUE(CONCATENATE(T11,S11))>=Parametros!$B$12,VALUE(CONCATENATE(T11,S11))<=Parametros!$C$12),Parametros!$A$12,IF(AND(VALUE(CONCATENATE(T11,S11))>=Parametros!$B$13,VALUE(CONCATENATE(T11,S11))<=Parametros!$C$13),Parametros!$A$13,Parametros!$A$10))) -> Verano
H12: =IF(AND(A12<>"",B12<>""),"B-738","") | K12: =IF(AND(C12<U12,F12>U12,F12<=V12,C12<F12),F12-U12,0)*24+IF(AND(C12>=U12,F12<=V12,C12<F12),F12-C12,0)*24+ IF(AND(C12>=U12,C12<=V12,C12<F12,F12>V12,F12<VALUE("24:00")),V12-C12,0)*24+IF(AND(C12>=U12,C12<=V12,F12>=VALUE("00:00"),F12<U12),V12-C12,0)*24 -> 0 | L12: =IF(AND((C12)<V12,(F12)<U12,C12<=F12),(F12)-(C12),0)*24+IF(AND(C12<U12,F12>U12,F12<=V12,C12<F12),U12-C12,0)*24+IF(AND(C12>=U12,C12<=V12,C12<F12,F12>V12,F12<VALUE("24:00")),F12-V12,0)*24+IF(AND(C12<F12,"24:00">F12,C12>V12,F12>V12),F12-C12,0)*24+IF(AND(C12>=U12,C12<=V12,F12>VALUE("00:00"),F12<U12),VALUE("24:00")-V12+F12,0)*24+IF(AND(C12>V12,F12<C12,F12<U12,F12>=VALUE("00:00")),VALUE("24:00")-C12+F12,0)*24 -> 0 | M12: =IF(F12<>"",1,0) -> 0 | P12: =K12+L12 -> 0 | S12: =CONCATENATE(REPT("0",2-LEN(A12)),A12) -> 00 | T12: =CONCATENATE(REPT("0",2-LEN(B12)),B12) -> 00 | U12: =IFERROR(VLOOKUP(Y12,Parametros!$A$10:$G$13,4,0),0) -> 0.375 | V12: =IFERROR(VLOOKUP(Y12,Parametros!$A$10:$G$13,5,0),0) -> 0.95833333 | W12: =IFERROR(VLOOKUP(Y12,Parametros!$A$10:$G$13,6,0),0) -> 0.95902778 | X12: =IFERROR(VLOOKUP(Y12,Parametros!$A$10:$G$13,7,0),0) -> 0.37430556 | Y12: =IF(AND(VALUE(CONCATENATE(T12,S12))>=Parametros!$B$11,VALUE(CONCATENATE(T12,S12))<=Parametros!$C$11),Parametros!$A$11,IF(AND(VALUE(CONCATENATE(T12,S12))>=Parametros!$B$12,VALUE(CONCATENATE(T12,S12))<=Parametros!$C$12),Parametros!$A$12,IF(AND(VALUE(CONCATENATE(T12,S12))>=Parametros!$B$13,VALUE(CONCATENATE(T12,S12))<=Parametros!$C$13),Parametros!$A$13,Parametros!$A$10))) -> Verano
H13: =IF(AND(A13<>"",B13<>""),"B-738","") | K13: =IF(AND(C13<U13,F13>U13,F13<=V13,C13<F13),F13-U13,0)*24+IF(AND(C13>=U13,F13<=V13,C13<F13),F13-C13,0)*24+ IF(AND(C13>=U13,C13<=V13,C13<F13,F13>V13,F13<VALUE("24:00")),V13-C13,0)*24+IF(AND(C13>=U13,C13<=V13,F13>=VALUE("00:00"),F13<U13),V13-C13,0)*24 -> 0 | L13: =IF(AND((C13)<V13,(F13)<U13,C13<=F13),(F13)-(C13),0)*24+IF(AND(C13<U13,F13>U13,F13<=V13,C13<F13),U13-C13,0)*24+IF(AND(C13>=U13,C13<=V13,C13<F13,F13>V13,F13<VALUE("24:00")),F13-V13,0)*24+IF(AND(C13<F13,"24:00">F13,C13>V13,F13>V13),F13-C13,0)*24+IF(AND(C13>=U13,C13<=V13,F13>VALUE("00:00"),F13<U13),VALUE("24:00")-V13+F13,0)*24+IF(AND(C13>V13,F13<C13,F13<U13,F13>=VALUE("00:00")),VALUE("24:00")-C13+F13,0)*24 -> 0 | M13: =IF(F13<>"",1,0) -> 0 | P13: =K13+L13 -> 0 | S13: =CONCATENATE(REPT("0",2-LEN(A13)),A13) -> 00 | T13: =CONCATENATE(REPT("0",2-LEN(B13)),B13) -> 00 | U13: =IFERROR(VLOOKUP(Y13,Parametros!$A$10:$G$13,4,0),0) -> 0.375 | V13: =IFERROR(VLOOKUP(Y13,Parametros!$A$10:$G$13,5,0),0) -> 0.95833333 | W13: =IFERROR(VLOOKUP(Y13,Parametros!$A$10:$G$13,6,0),0) -> 0.95902778 | X13: =IFERROR(VLOOKUP(Y13,Parametros!$A$10:$G$13,7,0),0) -> 0.37430556 | Y13: =IF(AND(VALUE(CONCATENATE(T13,S13))>=Parametros!$B$11,VALUE(CONCATENATE(T13,S13))<=Parametros!$C$11),Parametros!$A$11,IF(AND(VALUE(CONCATENATE(T13,S13))>=Parametros!$B$12,VALUE(CONCATENATE(T13,S13))<=Parametros!$C$12),Parametros!$A$12,IF(AND(VALUE(CONCATENATE(T13,S13))>=Parametros!$B$13,VALUE(CONCATENATE(T13,S13))<=Parametros!$C$13),Parametros!$A$13,Parametros!$A$10))) -> Verano
H14: =IF(AND(A14<>"",B14<>""),"B-738","") | K14: =IF(AND(C14<U14,F14>U14,F14<=V14,C14<F14),F14-U14,0)*24+IF(AND(C14>=U14,F14<=V14,C14<F14),F14-C14,0)*24+ IF(AND(C14>=U14,C14<=V14,C14<F14,F14>V14,F14<VALUE("24:00")),V14-C14,0)*24+IF(AND(C14>=U14,C14<=V14,F14>=VALUE("00:00"),F14<U14),V14-C14,0)*24 -> 0 | L14: =IF(AND((C14)<V14,(F14)<U14,C14<=F14),(F14)-(C14),0)*24+IF(AND(C14<U14,F14>U14,F14<=V14,C14<F14),U14-C14,0)*24+IF(AND(C14>=U14,C14<=V14,C14<F14,F14>V14,F14<VALUE("24:00")),F14-V14,0)*24+IF(AND(C14<F14,"24:00">F14,C14>V14,F14>V14),F14-C14,0)*24+IF(AND(C14>=U14,C14<=V14,F14>VALUE("00:00"),F14<U14),VALUE("24:00")-V14+F14,0)*24+IF(AND(C14>V14,F14<C14,F14<U14,F14>=VALUE("00:00")),VALUE("24:00")-C14+F14,0)*24 -> 0 | M14: =IF(F14<>"",1,0) -> 0 | P14: =K14+L14 -> 0 | S14: =CONCATENATE(REPT("0",2-LEN(A14)),A14) -> 00 | T14: =CONCATENATE(REPT("0",2-LEN(B14)),B14) -> 00 | U14: =IFERROR(VLOOKUP(Y14,Parametros!$A$10:$G$13,4,0),0) -> 0.375 | V14: =IFERROR(VLOOKUP(Y14,Parametros!$A$10:$G$13,5,0),0) -> 0.95833333 | W14: =IFERROR(VLOOKUP(Y14,Parametros!$A$10:$G$13,6,0),0) -> 0.95902778 | X14: =IFERROR(VLOOKUP(Y14,Parametros!$A$10:$G$13,7,0),0) -> 0.37430556 | Y14: =IF(AND(VALUE(CONCATENATE(T14,S14))>=Parametros!$B$11,VALUE(CONCATENATE(T14,S14))<=Parametros!$C$11),Parametros!$A$11,IF(AND(VALUE(CONCATENATE(T14,S14))>=Parametros!$B$12,VALUE(CONCATENATE(T14,S14))<=Parametros!$C$12),Parametros!$A$12,IF(AND(VALUE(CONCATENATE(T14,S14))>=Parametros!$B$13,VALUE(CONCATENATE(T14,S14))<=Parametros!$C$13),Parametros!$A$13,Parametros!$A$10))) -> Verano
H15: =IF(AND(A15<>"",B15<>""),"B-738","") | K15: =IF(AND(C15<U15,F15>U15,F15<=V15,C15<F15),F15-U15,0)*24+IF(AND(C15>=U15,F15<=V15,C15<F15),F15-C15,0)*24+ IF(AND(C15>=U15,C15<=V15,C15<F15,F15>V15,F15<VALUE("24:00")),V15-C15,0)*24+IF(AND(C15>=U15,C15<=V15,F15>=VALUE("00:00"),F15<U15),V15-C15,0)*24 -> 0 | L15: =IF(AND((C15)<V15,(F15)<U15,C15<=F15),(F15)-(C15),0)*24+IF(AND(C15<U15,F15>U15,F15<=V15,C15<F15),U15-C15,0)*24+IF(AND(C15>=U15,C15<=V15,C15<F15,F15>V15,F15<VALUE("24:00")),F15-V15,0)*24+IF(AND(C15<F15,"24:00">F15,C15>V15,F15>V15),F15-C15,0)*24+IF(AND(C15>=U15,C15<=V15,F15>VALUE("00:00"),F15<U15),VALUE("24:00")-V15+F15,0)*24+IF(AND(C15>V15,F15<C15,F15<U15,F15>=VALUE("00:00")),VALUE("24:00")-C15+F15,0)*24 -> 0 | M15: =IF(F15<>"",1,0) -> 0 | P15: =K15+L15 -> 0 | S15: =CONCATENATE(REPT("0",2-LEN(A15)),A15) -> 00 | T15: =CONCATENATE(REPT("0",2-LEN(B15)),B15) -> 00 | U15: =IFERROR(VLOOKUP(Y15,Parametros!$A$10:$G$13,4,0),0) -> 0.375 | V15: =IFERROR(VLOOKUP(Y15,Parametros!$A$10:$G$13,5,0),0) -> 0.95833333 | W15: =IFERROR(VLOOKUP(Y15,Parametros!$A$10:$G$13,6,0),0) -> 0.95902778 | X15: =IFERROR(VLOOKUP(Y15,Parametros!$A$10:$G$13,7,0),0) -> 0.37430556 | Y15: =IF(AND(VALUE(CONCATENATE(T15,S15))>=Parametros!$B$11,VALUE(CONCATENATE(T15,S15))<=Parametros!$C$11),Parametros!$A$11,IF(AND(VALUE(CONCATENATE(T15,S15))>=Parametros!$B$12,VALUE(CONCATENATE(T15,S15))<=Parametros!$C$12),Parametros!$A$12,IF(AND(VALUE(CONCATENATE(T15,S15))>=Parametros!$B$13,VALUE(CONCATENATE(T15,S15))<=Parametros!$C$13),Parametros!$A$13,Parametros!$A$10))) -> Verano
H16: =IF(AND(A16<>"",B16<>""),"B-738","") | K16: =IF(AND(C16<U16,F16>U16,F16<=V16,C16<F16),F16-U16,0)*24+IF(AND(C16>=U16,F16<=V16,C16<F16),F16-C16,0)*24+ IF(AND(C16>=U16,C16<=V16,C16<F16,F16>V16,F16<VALUE("24:00")),V16-C16,0)*24+IF(AND(C16>=U16,C16<=V16,F16>=VALUE("00:00"),F16<U16),V16-C16,0)*24 -> 0 | L16: =IF(AND((C16)<V16,(F16)<U16,C16<=F16),(F16)-(C16),0)*24+IF(AND(C16<U16,F16>U16,F16<=V16,C16<F16),U16-C16,0)*24+IF(AND(C16>=U16,C16<=V16,C16<F16,F16>V16,F16<VALUE("24:00")),F16-V16,0)*24+IF(AND(C16<F16,"24:00">F16,C16>V16,F16>V16),F16-C16,0)*24+IF(AND(C16>=U16,C16<=V16,F16>VALUE("00:00"),F16<U16),VALUE("24:00")-V16+F16,0)*24+IF(AND(C16>V16,F16<C16,F16<U16,F16>=VALUE("00:00")),VALUE("24:00")-C16+F16,0)*24 -> 0 | M16: =IF(F16<>"",1,0) -> 0 | P16: =K16+L16 -> 0 | S16: =CONCATENATE(REPT("0",2-LEN(A16)),A16) -> 00 | T16: =CONCATENATE(REPT("0",2-LEN(B16)),B16) -> 00 | U16: =IFERROR(VLOOKUP(Y16,Parametros!$A$10:$G$13,4,0),0) -> 0.375 | V16: =IFERROR(VLOOKUP(Y16,Parametros!$A$10:$G$13,5,0),0) -> 0.95833333 | W16: =IFERROR(VLOOKUP(Y16,Parametros!$A$10:$G$13,6,0),0) -> 0.95902778 | X16: =IFERROR(VLOOKUP(Y16,Parametros!$A$10:$G$13,7,0),0) -> 0.37430556 | Y16: =IF(AND(VALUE(CONCATENATE(T16,S16))>=Parametros!$B$11,VALUE(CONCATENATE(T16,S16))<=Parametros!$C$11),Parametros!$A$11,IF(AND(VALUE(CONCATENATE(T16,S16))>=Parametros!$B$12,VALUE(CONCATENATE(T16,S16))<=Parametros!$C$12),Parametros!$A$12,IF(AND(VALUE(CONCATENATE(T16,S16))>=Parametros!$B$13,VALUE(CONCATENATE(T16,S16))<=Parametros!$C$13),Parametros!$A$13,Parametros!$A$10))) -> Verano
H17: =IF(AND(A17<>"",B17<>""),"B-738","") | K17: =IF(AND(C17<U17,F17>U17,F17<=V17,C17<F17),F17-U17,0)*24+IF(AND(C17>=U17,F17<=V17,C17<F17),F17-C17,0)*24+ IF(AND(C17>=U17,C17<=V17,C17<F17,F17>V17,F17<VALUE("24:00")),V17-C17,0)*24+IF(AND(C17>=U17,C17<=V17,F17>=VALUE("00:00"),F17<U17),V17-C17,0)*24 -> 0 | L17: =IF(AND((C17)<V17,(F17)<U17,C17<=F17),(F17)-(C17),0)*24+IF(AND(C17<U17,F17>U17,F17<=V17,C17<F17),U17-C17,0)*24+IF(AND(C17>=U17,C17<=V17,C17<F17,F17>V17,F17<VALUE("24:00")),F17-V17,0)*24+IF(AND(C17<F17,"24:00">F17,C17>V17,F17>V17),F17-C17,0)*24+IF(AND(C17>=U17,C17<=V17,F17>VALUE("00:00"),F17<U17),VALUE("24:00")-V17+F17,0)*24+IF(AND(C17>V17,F17<C17,F17<U17,F17>=VALUE("00:00")),VALUE("24:00")-C17+F17,0)*24 -> 0 | M17: =IF(F17<>"",1,0) -> 0 | P17: =K17+L17 -> 0 | S17: =CONCATENATE(REPT("0",2-LEN(A17)),A17) -> 00 | T17: =CONCATENATE(REPT("0",2-LEN(B17)),B17) -> 00 | U17: =IFERROR(VLOOKUP(Y17,Parametros!$A$10:$G$13,4,0),0) -> 0.375 | V17: =IFERROR(VLOOKUP(Y17,Parametros!$A$10:$G$13,5,0),0) -> 0.95833333 | W17: =IFERROR(VLOOKUP(Y17,Parametros!$A$10:$G$13,6,0),0) -> 0.95902778 | X17: =IFERROR(VLOOKUP(Y17,Parametros!$A$10:$G$13,7,0),0) -> 0.37430556 | Y17: =IF(AND(VALUE(CONCATENATE(T17,S17))>=Parametros!$B$11,VALUE(CONCATENATE(T17,S17))<=Parametros!$C$11),Parametros!$A$11,IF(AND(VALUE(CONCATENATE(T17,S17))>=Parametros!$B$12,VALUE(CONCATENATE(T17,S17))<=Parametros!$C$12),Parametros!$A$12,IF(AND(VALUE(CONCATENATE(T17,S17))>=Parametros!$B$13,VALUE(CONCATENATE(T17,S17))<=Parametros!$C$13),Parametros!$A$13,Parametros!$A$10))) -> Verano
H18: =IF(AND(A18<>"",B18<>""),"B-738","") | K18: =IF(AND(C18<U18,F18>U18,F18<=V18,C18<F18),F18-U18,0)*24+IF(AND(C18>=U18,F18<=V18,C18<F18),F18-C18,0)*24+ IF(AND(C18>=U18,C18<=V18,C18<F18,F18>V18,F18<VALUE("24:00")),V18-C18,0)*24+IF(AND(C18>=U18,C18<=V18,F18>=VALUE("00:00"),F18<U18),V18-C18,0)*24 -> 0 | L18: =IF(AND((C18)<V18,(F18)<U18,C18<=F18),(F18)-(C18),0)*24+IF(AND(C18<U18,F18>U18,F18<=V18,C18<F18),U18-C18,0)*24+IF(AND(C18>=U18,C18<=V18,C18<F18,F18>V18,F18<VALUE("24:00")),F18-V18,0)*24+IF(AND(C18<F18,"24:00">F18,C18>V18,F18>V18),F18-C18,0)*24+IF(AND(C18>=U18,C18<=V18,F18>VALUE("00:00"),F18<U18),VALUE("24:00")-V18+F18,0)*24+IF(AND(C18>V18,F18<C18,F18<U18,F18>=VALUE("00:00")),VALUE("24:00")-C18+F18,0)*24 -> 0 | M18: =IF(F18<>"",1,0) -> 0 | P18: =K18+L18 -> 0 | S18: =CONCATENATE(REPT("0",2-LEN(A18)),A18) -> 00 | T18: =CONCATENATE(REPT("0",2-LEN(B18)),B18) -> 00 | U18: =IFERROR(VLOOKUP(Y18,Parametros!$A$10:$G$13,4,0),0) -> 0.375 | V18: =IFERROR(VLOOKUP(Y18,Parametros!$A$10:$G$13,5,0),0) -> 0.95833333 | W18: =IFERROR(VLOOKUP(Y18,Parametros!$A$10:$G$13,6,0),0) -> 0.95902778 | X18: =IFERROR(VLOOKUP(Y18,Parametros!$A$10:$G$13,7,0),0) -> 0.37430556 | Y18: =IF(AND(VALUE(CONCATENATE(T18,S18))>=Parametros!$B$11,VALUE(CONCATENATE(T18,S18))<=Parametros!$C$11),Parametros!$A$11,IF(AND(VALUE(CONCATENATE(T18,S18))>=Parametros!$B$12,VALUE(CONCATENATE(T18,S18))<=Parametros!$C$12),Parametros!$A$12,IF(AND(VALUE(CONCATENATE(T18,S18))>=Parametros!$B$13,VALUE(CONCATENATE(T18,S18))<=Parametros!$C$13),Parametros!$A$13,Parametros!$A$10))) -> Verano
H19: =IF(AND(A19<>"",B19<>""),"B-738","") | K19: =IF(AND(C19<U19,F19>U19,F19<=V19,C19<F19),F19-U19,0)*24+IF(AND(C19>=U19,F19<=V19,C19<F19),F19-C19,0)*24+ IF(AND(C19>=U19,C19<=V19,C19<F19,F19>V19,F19<VALUE("24:00")),V19-C19,0)*24+IF(AND(C19>=U19,C19<=V19,F19>=VALUE("00:00"),F19<U19),V19-C19,0)*24 -> 0 | L19: =IF(AND((C19)<V19,(F19)<U19,C19<=F19),(F19)-(C19),0)*24+IF(AND(C19<U19,F19>U19,F19<=V19,C19<F19),U19-C19,0)*24+IF(AND(C19>=U19,C19<=V19,C19<F19,F19>V19,F19<VALUE("24:00")),F19-V19,0)*24+IF(AND(C19<F19,"24:00">F19,C19>V19,F19>V19),F19-C19,0)*24+IF(AND(C19>=U19,C19<=V19,F19>VALUE("00:00"),F19<U19),VALUE("24:00")-V19+F19,0)*24+IF(AND(C19>V19,F19<C19,F19<U19,F19>=VALUE("00:00")),VALUE("24:00")-C19+F19,0)*24 -> 0 | M19: =IF(F19<>"",1,0) -> 0 | P19: =K19+L19 -> 0 | S19: =CONCATENATE(REPT("0",2-LEN(A19)),A19) -> 00 | T19: =CONCATENATE(REPT("0",2-LEN(B19)),B19) -> 00 | U19: =IFERROR(VLOOKUP(Y19,Parametros!$A$10:$G$13,4,0),0) -> 0.375 | V19: =IFERROR(VLOOKUP(Y19,Parametros!$A$10:$G$13,5,0),0) -> 0.95833333 | W19: =IFERROR(VLOOKUP(Y19,Parametros!$A$10:$G$13,6,0),0) -> 0.95902778 | X19: =IFERROR(VLOOKUP(Y19,Parametros!$A$10:$G$13,7,0),0) -> 0.37430556 | Y19: =IF(AND(VALUE(CONCATENATE(T19,S19))>=Parametros!$B$11,VALUE(CONCATENATE(T19,S19))<=Parametros!$C$11),Parametros!$A$11,IF(AND(VALUE(CONCATENATE(T19,S19))>=Parametros!$B$12,VALUE(CONCATENATE(T19,S19))<=Parametros!$C$12),Parametros!$A$12,IF(AND(VALUE(CONCATENATE(T19,S19))>=Parametros!$B$13,VALUE(CONCATENATE(T19,S19))<=Parametros!$C$13),Parametros!$A$13,Parametros!$A$10))) -> Verano
H20: =IF(AND(A20<>"",B20<>""),"B-738","") | K20: =IF(AND(C20<U20,F20>U20,F20<=V20,C20<F20),F20-U20,0)*24+IF(AND(C20>=U20,F20<=V20,C20<F20),F20-C20,0)*24+ IF(AND(C20>=U20,C20<=V20,C20<F20,F20>V20,F20<VALUE("24:00")),V20-C20,0)*24+IF(AND(C20>=U20,C20<=V20,F20>=VALUE("00:00"),F20<U20),V20-C20,0)*24 -> 0 | L20: =IF(AND((C20)<V20,(F20)<U20,C20<=F20),(F20)-(C20),0)*24+IF(AND(C20<U20,F20>U20,F20<=V20,C20<F20),U20-C20,0)*24+IF(AND(C20>=U20,C20<=V20,C20<F20,F20>V20,F20<VALUE("24:00")),F20-V20,0)*24+IF(AND(C20<F20,"24:00">F20,C20>V20,F20>V20),F20-C20,0)*24+IF(AND(C20>=U20,C20<=V20,F20>VALUE("00:00"),F20<U20),VALUE("24:00")-V20+F20,0)*24+IF(AND(C20>V20,F20<C20,F20<U20,F20>=VALUE("00:00")),VALUE("24:00")-C20+F20,0)*24 -> 0 | M20: =IF(F20<>"",1,0) -> 0 | P20: =K20+L20 -> 0 | S20: =CONCATENATE(REPT("0",2-LEN(A20)),A20) -> 00 | T20: =CONCATENATE(REPT("0",2-LEN(B20)),B20) -> 00 | U20: =IFERROR(VLOOKUP(Y20,Parametros!$A$10:$G$13,4,0),0) -> 0.375 | V20: =IFERROR(VLOOKUP(Y20,Parametros!$A$10:$G$13,5,0),0) -> 0.95833333 | W20: =IFERROR(VLOOKUP(Y20,Parametros!$A$10:$G$13,6,0),0) -> 0.95902778 | X20: =IFERROR(VLOOKUP(Y20,Parametros!$A$10:$G$13,7,0),0) -> 0.37430556 | Y20: =IF(AND(VALUE(CONCATENATE(T20,S20))>=Parametros!$B$11,VALUE(CONCATENATE(T20,S20))<=Parametros!$C$11),Parametros!$A$11,IF(AND(VALUE(CONCATENATE(T20,S20))>=Parametros!$B$12,VALUE(CONCATENATE(T20,S20))<=Parametros!$C$12),Parametros!$A$12,IF(AND(VALUE(CONCATENATE(T20,S20))>=Parametros!$B$13,VALUE(CONCATENATE(T20,S20))<=Parametros!$C$13),Parametros!$A$13,Parametros!$A$10))) -> Verano
H21: =IF(AND(A21<>"",B21<>""),"B-738","") | K21: =IF(AND(C21<U21,F21>U21,F21<=V21,C21<F21),F21-U21,0)*24+IF(AND(C21>=U21,F21<=V21,C21<F21),F21-C21,0)*24+ IF(AND(C21>=U21,C21<=V21,C21<F21,F21>V21,F21<VALUE("24:00")),V21-C21,0)*24+IF(AND(C21>=U21,C21<=V21,F21>=VALUE("00:00"),F21<U21),V21-C21,0)*24 -> 0 | L21: =IF(AND((C21)<V21,(F21)<U21,C21<=F21),(F21)-(C21),0)*24+IF(AND(C21<U21,F21>U21,F21<=V21,C21<F21),U21-C21,0)*24+IF(AND(C21>=U21,C21<=V21,C21<F21,F21>V21,F21<VALUE("24:00")),F21-V21,0)*24+IF(AND(C21<F21,"24:00">F21,C21>V21,F21>V21),F21-C21,0)*24+IF(AND(C21>=U21,C21<=V21,F21>VALUE("00:00"),F21<U21),VALUE("24:00")-V21+F21,0)*24+IF(AND(C21>V21,F21<C21,F21<U21,F21>=VALUE("00:00")),VALUE("24:00")-C21+F21,0)*24 -> 0 | M21: =IF(F21<>"",1,0) -> 0 | P21: =K21+L21 -> 0 | S21: =CONCATENATE(REPT("0",2-LEN(A21)),A21) -> 00 | T21: =CONCATENATE(REPT("0",2-LEN(B21)),B21) -> 00 | U21: =IFERROR(VLOOKUP(Y21,Parametros!$A$10:$G$13,4,0),0) -> 0.375 | V21: =IFERROR(VLOOKUP(Y21,Parametros!$A$10:$G$13,5,0),0) -> 0.95833333 | W21: =IFERROR(VLOOKUP(Y21,Parametros!$A$10:$G$13,6,0),0) -> 0.95902778 | X21: =IFERROR(VLOOKUP(Y21,Parametros!$A$10:$G$13,7,0),0) -> 0.37430556 | Y21: =IF(AND(VALUE(CONCATENATE(T21,S21))>=Parametros!$B$11,VALUE(CONCATENATE(T21,S21))<=Parametros!$C$11),Parametros!$A$11,IF(AND(VALUE(CONCATENATE(T21,S21))>=Parametros!$B$12,VALUE(CONCATENATE(T21,S21))<=Parametros!$C$12),Parametros!$A$12,IF(AND(VALUE(CONCATENATE(T21,S21))>=Parametros!$B$13,VALUE(CONCATENATE(T21,S21))<=Parametros!$C$13),Parametros!$A$13,Parametros!$A$10))) -> Verano
A22: TOTAL HORAS DE VUELO A LA PÁGINA SIGUIENTE | K22: =SUM(K6:K21) -> 0 | L22: =SUM(L6:L21) -> 1.5 | M22: =SUM(M6:M21) -> 1 | P22: =SUM(K22:L23) -> 1.5 | Q22: Total horas de vuelo a la página siguiente
C24: APROBADO POR DISPOSICIÓN 278/03 DHA
J25: ...........................................................................
J26: FIRMA DEL TITULAR

Sheet Hoja2
B1: APELLIDO Y NOMBRE: | E1: =Parametros!B1 -> Cargar Apellido | I1: CERTIFICADO DE COMPETENCIA: | M1: TCP | O1: LEGAJO: | P1: =Parametros!B2 -> ingrese legajo
A2: AÑO | C2: ITINERARIO | G2: FINALIDAD DEL VUELO | H2: AERONAVES UTILIZADAS | K2: TIEMPOS DE VUELO | M2: ATERRIZAJES | N2: DISCRIMINACIÓN DE TIEMPOS DE VUELO | P2: CERTIFICACIONES
C3: HORA DE SALIDA | D3: DESDE - HASTA | F3: HORA DE LLEGADA | H3: MARCA | I3: MATRÍCULA | J3: FOLIO RVA | K3: DE DÍA | L3: NOCHE
A4: =Hoja1!A4 -> 2024 | N4: INSTRUCTOR | O4: TIPO DE
A5: DÍA | B5: MES | N5: DE TCP | O5: AERONAVE | U5: Diurnos | W5: Nocturnos
H6: TOTALES PÁGINA ANTERIOR | K6: =Hoja1!K22 -> 0 | L6: =Hoja1!L22 -> 1.5 | M6: =Hoja1!M22 -> 1 | P6: =Hoja1!P22 -> 1.5 | Q6: Total horas de vuelo de la página anterior | S6: Dia | T6: Mes | U6: Desde | V6: Hasta | W6: Desde | X6: Hasta | Y6: Estacion
H7: =IF(AND(A7<>"",B7<>""),"B-738","") | K7: =IF(AND(C7<U7,F7>U7,F7<=V7,C7<F7),F7-U7,0)*24+IF(AND(C7>=U7,F7<=V7,C7<F7),F7-C7,0)*24+ IF(AND(C7>=U7,C7<=V7,C7<F7,F7>V7,F7<VALUE("24:00")),V7-C7,0)*24+IF(AND(C7>=U7,C7<=V7,F7>=VALUE("00:00"),F7<U7),V7-C7,0)*24 -> 0 | L7: =IF(AND((C7)<V7,(F7)<U7,C7<=F7),(F7)-(C7),0)*24+IF(AND(C7<U7,F7>U7,F7<=V7,C7<F7),U7-C7,0)*24+IF(AND(C7>=U7,C7<=V7,C7<F7,F7>V7,F7<VALUE("24:00")),F7-V7,0)*24+IF(AND(C7<F7,"24:00">F7,C7>V7,F7>V7),F7-C7,0)*24+IF(AND(C7>=U7,C7<=V7,F7>VALUE("00:00"),F7<U7),VALUE("24:00")-V7+F7,0)*24+IF(AND(C7>V7,F7<C7,F7<U7,F7>=VALUE("00:00")),VALUE("24:00")-C7+F7,0)*24 -> 0 | M7: =IF(F7<>"",1,0) -> 0 | P7: =K7+L7 -> 0 | S7: =CONCATENATE(REPT("0",2-LEN(A7)),A7) -> 00 | T7: =CONCATENATE(REPT("0",2-LEN(B7)),B7) -> 00 | U7: =IFERROR(VLOOKUP(Y7,Parametros!$A$10:$G$13,4,0),0) -> 0.375 | V7: =IFERROR(VLOOKUP(Y7,Parametros!$A$10:$G$13,5,0),0) -> 0.95833333 | W7: =IFERROR(VLOOKUP(Y7,Parametros!$A$10:$G$13,6,0),0) -> 0.95902778 | X7: =IFERROR(VLOOKUP(Y7,Parametros!$A$10:$G$13,7,0),0) -> 0.37430556 | Y7: =IF(AND(VALUE(CONCATENATE(T7,S7))>=Parametros!$B$11,VALUE(CONCATENATE(T7,S7))<=Parametros!$C$11),Parametros!$A$11,IF(AND(VALUE(CONCATENATE(T7,S7))>=Parametros!$B$12,VALUE(CONCATENATE(T7,S7))<=Parametros!$C$12),Parametros!$A$12,IF(AND(VALUE(CONCATENATE(T7,S7))>=Parametros!$B$13,VALUE(CONCATENATE(T7,S7))<=Parametros!$C$13),Parametros!$A$13,Parametros!$A$10))) -> Verano
H8: =IF(AND(A8<>"",B8<>""),"B-738","") | K8: =IF(AND(C8<U8,F8>U8,F8<=V8,C8<F8),F8-U8,0)*24+IF(AND(C8>=U8,F8<=V8,C8<F8),F8-C8,0)*24+ IF(AND(C8>=U8,C8<=V8,C8<F8,F8>V8,F8<VALUE("24:00")),V8-C8,0)*24+IF(AND(C8>=U8,C8<=V8,F8>=VALUE("00:00"),F8<U8),V8-C8,0)*24 -> 0 | L8: =IF(AND((C8)<V8,(F8)<U8,C8<=F8),(F8)-(C8),0)*24+IF(AND(C8<U8,F8>U8,F8<=V8,C8<F8),U8-C8,0)*24+IF(AND(C8>=U8,C8<=V8,C8<F8,F8>V8,F8<VALUE("24:00")),F8-V8,0)*24+IF(AND(C8<F8,"24:00">F8,C8>V8,F8>V8),F8-C8,0)*24+IF(AND(C8>=U8,C8<=V8,F8>VALUE("00:00"),F8<U8),VALUE("24:00")-V8+F8,0)*24+IF(AND(C8>V8,F8<C8,F8<U8,F8>=VALUE("00:00")),VALUE("24:00")-C8+F8,0)*24 -> 0 | M8: =IF(F8<>"",1,0) -> 0 | P8: =K8+L8 -> 0 | S8: =CONCATENATE(REPT("0",2-LEN(A8)),A8) -> 00 | T8: =CONCATENATE(REPT("0",2-LEN(B8)),B8) -> 00 | U8: =IFERROR(VLOOKUP(Y8,Parametros!$A$10:$G$13,4,0),0) -> 0.375 | V8: =IFERROR(VLOOKUP(Y8,Parametros!$A$10:$G$13,5,0),0) -> 0.95833333 | W8: =IFERROR(VLOOKUP(Y8,Parametros!$A$10:$G$13,6,0),0) -> 0.95902778 | X8: =IFERROR(VLOOKUP(Y8,Parametros!$A$10:$G$13,7,0),0) -> 0.37430556 | Y8: =IF(AND(VALUE(CONCATENATE(T8,S8))>=Parametros!$B$11,VALUE(CONCATENATE(T8,S8))<=Parametros!$C$11),Parametros!$A$11,IF(AND(VALUE(CONCATENATE(T8,S8))>=Parametros!$B$12,VALUE(CONCATENATE(T8,S8))<=Parametros!$C$12),Parametros!$A$12,IF(AND(VALUE(CONCATENATE(T8,S8))>=Parametros!$B$13,VALUE(CONCATENATE(T8,S8))<=Parametros!$C$13),Parametros!$A$13,Parametros!$A$10))) -> Verano
H9: =IF(AND(A9<>"",B9<>""),"B-738","") | K9: =IF(AND(C9<U9,F9>U9,F9<=V9,C9<F9),F9-U9,0)*24+IF(AND(C9>=U9,F9<=V9,C9<F9),F9-C9,0)*24+ IF(AND(C9>=U9,C9<=V9,C9<F9,F9>V9,F9<VALUE("24:00")),V9-C9,0)*24+IF(AND(C9>=U9,C9<=V9,F9>=VALUE("00:00"),F9<U9),V9-C9,0)*24 -> 0 | L9: =IF(AND((C9)<V9,(F9)<U9,C9<=F9),(F9)-(C9),0)*24+IF(AND(C9<U9,F9>U9,F9<=V9,C9<F9),U9-C9,0)*24+IF(AND(C9>=U9,C9<=V9,C9<F9,F9>V9,F9<VALUE("24:00")),F9-V9,0)*24+IF(AND(C9<F9,"24:00">F9,C9>V9,F9>V9),F9-C9,0)*24+IF(AND(C9>=U9,C9<=V9,F9>VALUE("00:00"),F9<U9),VALUE("24:00")-V9+F9,0)*24+IF(AND(C9>V9,F9<C9,F9<U9,F9>=VALUE("00:00")),VALUE("24:00")-C9+F9,0)*24 -> 0 | M9: =IF(F9<>"",1,0) -> 0 | P9: =K9+L9 -> 0 | S9: =CONCATENATE(REPT("0",2-LEN(A9)),A9) -> 00 | T9: =CONCATENATE(REPT("0",2-LEN(B9)),B9) -> 00 | U9: =IFERROR(VLOOKUP(Y9,Parametros!$A$10:$G$13,4,0),0) -> 0.375 | V9: =IFERROR(VLOOKUP(Y9,Parametros!$A$10:$G$13,5,0),0) -> 0.95833333 | W9: =IFERROR(VLOOKUP(Y9,Parametros!$A$10:$G$13,6,0),0) -> 0.95902778 | X9: =IFERROR(VLOOKUP(Y9,Parametros!$A$10:$G$13,7,0),0) -> 0.37430556 | Y9: =IF(AND(VALUE(CONCATENATE(T9,S9))>=Parametros!$B$11,VALUE(CONCATENATE(T9,S9))<=Parametros!$C$11),Parametros!$A$11,IF(AND(VALUE(CONCATENATE(T9,S9))>=Parametros!$B$12,VALUE(CONCATENATE(T9,S9))<=Parametros!$C$12),Parametros!$A$12,IF(AND(VALUE(CONCATENATE(T9,S9))>=Parametros!$B$13,VALUE(CONCATENATE(T9,S9))<=Parametros!$C$13),Parametros!$A$13,Parametros!$A$10))) -> Verano
H10: =IF(AND(A10<>"",B10<>""),"B-738","") | K10: =IF(AND(C10<U10,F10>U10,F10<=V10,C10<F10),F10-U10,0)*24+IF(AND(C10>=U10,F10<=V10,C10<F10),F10-C10,0)*24+ IF(AND(C10>=U10,C10<=V10,C10<F10,F10>V10,F10<VALUE("24:00")),V10-C10,0)*24+IF(AND(C10>=U10,C10<=V10,F10>=VALUE("00:00"),F10<U10),V10-C10,0)*24 -> 0 | L10: =IF(AND((C10)<V10,(F10)<U10,C10<=F10),(F10)-(C10),0)*24+IF(AND(C10<U10,F10>U10,F10<=V10,C10<F10),U10-C10,0)*24+IF(AND(C10>=U10,C10<=V10,C10<F10,F10>V10,F10<VALUE("24:00")),F10-V10,0)*24+IF(AND(C10<F10,"24:00">F10,C10>V10,F10>V10),F10-C10,0)*24+IF(AND(C10>=U10,C10<=V10,F10>VALUE("00:00"),F10<U10),VALUE("24:00")-V10+F10,0)*24+IF(AND(C10>V10,F10<C10,F10<U10,F10>=VALUE("00:00")),VALUE("24:00")-C10+F10,0)*24 -> 0 | M10: =IF(F10<>"",1,0) -> 0 | P10: =K10+L10 -> 0 | S10: =CONCATENATE(REPT("0",2-LEN(A10)),A10) -> 00 | T10: =CONCATENATE(REPT("0",2-LEN(B10)),B10) -> 00 | U10: =IFERROR(VLOOKUP(Y10,Parametros!$A$10:$G$13,4,0),0) -> 0.375 | V10: =IFERROR(VLOOKUP(Y10,Parametros!$A$10:$G$13,5,0),0) -> 0.95833333 | W10: =IFERROR(VLOOKUP(Y10,Parametros!$A$10:$G$13,6,0),0) -> 0.95902778 | X10: =IFERROR(VLOOKUP(Y10,Parametros!$A$10:$G$13,7,0),0) -> 0.37430556 | Y10: =IF(AND(VALUE(CONCATENATE(T10,S10))>=Parametros!$B$11,VALUE(CONCATENATE(T10,S10))<=Parametros!$C$11),Parametros!$A$11,IF(AND(VALUE(CONCATENATE(T10,S10))>=Parametros!$B$12,VALUE(CONCATENATE(T10,S10))<=Parametros!$C$12),Parametros!$A$12,IF(AND(VALUE(CONCATENATE(T10,S10))>=Parametros!$B$13,VALUE(CONCATENATE(T10,S10))<=Parametros!$C$13),Parametros!$A$13,Parametros!$A$10))) -> Verano
H11: =IF(AND(A11<>"",B11<>""),"B-738","") | K11: =IF(AND(C11<U11,F11>U11,F11<=V11,C11<F11),F11-U11,0)*24+IF(AND(C11>=U11,F11<=V11,C11<F11),F11-C11,0)*24+ IF(AND(C11>=U11,C11<=V11,C11<F11,F11>V11,F11<VALUE("24:00")),V11-C11,0)*24+IF(AND(C11>=U11,C11<=V11,F11>=VALUE("00:00"),F11<U11),V11-C11,0)*24 -> 0 | L11: =IF(AND((C11)<V11,(F11)<U11,C11<=F11),(F11)-(C11),0)*24+IF(AND(C11<U11,F11>U11,F11<=V11,C11<F11),U11-C11,0)*24+IF(AND(C11>=U11,C11<=V11,C11<F11,F11>V11,F11<VALUE("24:00")),F11-V11,0)*24+IF(AND(C11<F11,"24:00">F11,C11>V11,F11>V11),F11-C11,0)*24+IF(AND(C11>=U11,C11<=V11,F11>VALUE("00:00"),F11<U11),VALUE("24:00")-V11+F11,0)*24+IF(AND(C11>V11,F11<C11,F11<U11,F11>=VALUE("00:00")),VALUE("24:00")-C11+F11,0)*24 -> 0 | M11: =IF(F11<>"",1,0) -> 0 | P11: =K11+L11 -> 0 | S11: =CONCATENATE(REPT("0",2-LEN(A11)),A11) -> 00 | T11: =CONCATENATE(REPT("0",2-LEN(B11)),B11) -> 00 | U11: =IFERROR(VLOOKUP(Y11,Parametros!$A$10:$G$13,4,0),0) -> 0.375 | V11: =IFERROR(VLOOKUP(Y11,Parametros!$A$10:$G$13,5,0),0) -> 0.95833333 | W11: =IFERROR(VLOOKUP(Y11,Parametros!$A$10:$G$13,6,0),0) -> 0.95902778 | X11: =IFERROR(VLOOKUP(Y11,Parametros!$A$10:$G$13,7,0),0) -> 0.37430556 | Y11: =IF(AND(VALUE(CONCATENATE(T11,S11))>=Parametros!$B$11,VALUE(CONCATENATE(T11,S11))<=Parametros!$C$11),Parametros!$A$11,IF(AND(VALUE(CONCATENATE(T11,S11))>=Parametros!$B$12,VALUE(CONCATENATE(T11,S11))<=Parametros!$C$12),Parametros!$A$12,IF(AND(VALUE(CONCATENATE(T11,S11))>=Parametros!$B$13,VALUE(CONCATENATE(T11,S11))<=Parametros!$C$13),Parametros!$A$13,Parametros!$A$10))) -> Verano
H12: =IF(AND(A12<>"",B12<>""),"B-738","") | K12: =IF(AND(C12<U12,F12>U12,F12<=V12,C12<F12),F12-U12,0)*24+IF(AND(C12>=U12,F12<=V12,C12<F12),F12-C12,0)*24+ IF(AND(C12>=U12,C12<=V12,C12<F12,F12>V12,F12<VALUE("24:00")),V12-C12,0)*24+IF(AND(C12>=U12,C12<=V12,F12>=VALUE("00:00"),F12<U12),V12-C12,0)*24 -> 0 | L12: =IF(AND((C12)<V12,(F12)<U12,C12<=F12),(F12)-(C12),0)*24+IF(AND(C12<U12,F12>U12,F12<=V12,C12<F12),U12-C12,0)*24+IF(AND(C12>=U12,C12<=V12,C12<F12,F12>V12,F12<VALUE("24:00")),F12-V12,0)*24+IF(AND(C12<F12,"24:00">F12,C12>V12,F12>V12),F12-C12,0)*24+IF(AND(C12>=U12,C12<=V12,F12>VALUE("00:00"),F12<U12),VALUE("24:00")-V12+F12,0)*24+IF(AND(C12>V12,F12<C12,F12<U12,F12>=VALUE("00:00")),VALUE("24:00")-C12+F12,0)*24 -> 0 | M12: =IF(F12<>"",1,0) -> 0 | P12: =K12+L12 -> 0 | S12: =CONCATENATE(REPT("0",2-LEN(A12)),A12) -> 00 | T12: =CONCATENATE(REPT("0",2-LEN(B12)),B12) -> 00 | U12: =IFERROR(VLOOKUP(Y12,Parametros!$A$10:$G$13,4,0),0) -> 0.375 | V12: =IFERROR(VLOOKUP(Y12,Parametros!$A$10:$G$13,5,0),0) -> 0.95833333 | W12: =IFERROR(VLOOKUP(Y12,Parametros!$A$10:$G$13,6,0),0) -> 0.95902778 | X12: =IFERROR(VLOOKUP(Y12,Parametros!$A$10:$G$13,7,0),0) -> 0.37430556 | Y12: =IF(AND(VALUE(CONCATENATE(T12,S12))>=Parametros!$B$11,VALUE(CONCATENATE(T12,S12))<=Parametros!$C$11),Parametros!$A$11,IF(AND(VALUE(CONCATENATE(T12,S12))>=Parametros!$B$12,VALUE(CONCATENATE(T12,S12))<=Parametros!$C$12),Parametros!$A$12,IF(AND(VALUE(CONCATENATE(T12,S12))>=Parametros!$B$13,VALUE(CONCATENATE(T12,S12))<=Parametros!$C$13),Parametros!$A$13,Parametros!$A$10))) -> Verano
H13: =IF(AND(A13<>"",B13<>""),"B-738","") | K13: =IF(AND(C13<U13,F13>U13,F13<=V13,C13<F13),F13-U13,0)*24+IF(AND(C13>=U13,F13<=V13,C13<F13),F13-C13,0)*24+ IF(AND(C13>=U13,C13<=V13,C13<F13,F13>V13,F13<VALUE("24:00")),V13-C13,0)*24+IF(AND(C13>=U13,C13<=V13,F13>=VALUE("00:00"),F13<U13),V13-C13,0)*24 -> 0 | L13: =IF(AND((C13)<V13,(F13)<U13,C13<=F13),(F13)-(C13),0)*24+IF(AND(C13<U13,F13>U13,F13<=V13,C13<F13),U13-C13,0)*24+IF(AND(C13>=U13,C13<=V13,C13<F13,F13>V13,F13<VALUE("24:00")),F13-V13,0)*24+IF(AND(C13<F13,"24:00">F13,C13>V13,F13>V13),F13-C13,0)*24+IF(AND(C13>=U13,C13<=V13,F13>VALUE("00:00"),F13<U13),VALUE("24:00")-V13+F13,0)*24+IF(AND(C13>V13,F13<C13,F13<U13,F13>=VALUE("00:00")),VALUE("24:00")-C13+F13,0)*24 -> 0 | M13: =IF(F13<>"",1,0) -> 0 | P13: =K13+L13 -> 0 | S13: =CONCATENATE(REPT("0",2-LEN(A13)),A13) -> 00 | T13: =CONCATENATE(REPT("0",2-LEN(B13)),B13) -> 00 | U13: =IFERROR(VLOOKUP(Y13,Parametros!$A$10:$G$13,4,0),0) -> 0.375 | V13: =IFERROR(VLOOKUP(Y13,Parametros!$A$10:$G$13,5,0),0) -> 0.95833333 | W13: =IFERROR(VLOOKUP(Y13,Parametros!$A$10:$G$13,6,0),0) -> 0.95902778 | X13: =IFERROR(VLOOKUP(Y13,Parametros!$A$10:$G$13,7,0),0) -> 0.37430556 | Y13: =IF(AND(VALUE(CONCATENATE(T13,S13))>=Parametros!$B$11,VALUE(CONCATENATE(T13,S13))<=Parametros!$C$11),Parametros!$A$11,IF(AND(VALUE(CONCATENATE(T13,S13))>=Parametros!$B$12,VALUE(CONCATENATE(T13,S13))<=Parametros!$C$12),Parametros!$A$12,IF(AND(VALUE(CONCATENATE(T13,S13))>=Parametros!$B$13,VALUE(CONCATENATE(T13,S13))<=Parametros!$C$13),Parametros!$A$13,Parametros!$A$10))) -> Verano
H14: =IF(AND(A14<>"",B14<>""),"B-738","") | K14: =IF(AND(C14<U14,F14>U14,F14<=V14,C14<F14),F14-U14,0)*24+IF(AND(C14>=U14,F14<=V14,C14<F14),F14-C14,0)*24+ IF(AND(C14>=U14,C14<=V14,C14<F14,F14>V14,F14<VALUE("24:00")),V14-C14,0)*24+IF(AND(C14>=U14,C14<=V14,F14>=VALUE("00:00"),F14<U14),V14-C14,0)*24 -> 0 | L14: =IF(AND((C14)<V14,(F14)<U14,C14<=F14),(F14)-(C14),0)*24+IF(AND(C14<U14,F14>U14,F14<=V14,C14<F14),U14-C14,0)*24+IF(AND(C14>=U14,C14<=V14,C14<F14,F14>V14,F14<VALUE("24:00")),F14-V14,0)*24+IF(AND(C14<F14,"24:00">F14,C14>V14,F14>V14),F14-C14,0)*24+IF(AND(C14>=U14,C14<=V14,F14>VALUE("00:00"),F14<U14),VALUE("24:00")-V14+F14,0)*24+IF(AND(C14>V14,F14<C14,F14<U14,F14>=VALUE("00:00")),VALUE("24:00")-C14+F14,0)*24 -> 0 | M14: =IF(F14<>"",1,0) -> 0 | P14: =K14+L14 -> 0 | S14: =CONCATENATE(REPT("0",2-LEN(A14)),A14) -> 00 | T14: =CONCATENATE(REPT("0",2-LEN(B14)),B14) -> 00 | U14: =IFERROR(VLOOKUP(Y14,Parametros!$A$10:$G$13,4,0),0) -> 0.375 | V14: =IFERROR(VLOOKUP(Y14,Parametros!$A$10:$G$13,5,0),0) -> 0.95833333 | W14: =IFERROR(VLOOKUP(Y14,Parametros!$A$10:$G$13,6,0),0) -> 0.95902778 | X14: =IFERROR(VLOOKUP(Y14,Parametros!$A$10:$G$13,7,0),0) -> 0.37430556 | Y14: =IF(AND(VALUE(CONCATENATE(T14,S14))>=Parametros!$B$11,VALUE(CONCATENATE(T14,S14))<=Parametros!$C$11),Parametros!$A$11,IF(AND(VALUE(CONCATENATE(T14,S14))>=Parametros!$B$12,VALUE(CONCATENATE(T14,S14))<=Parametros!$C$12),Parametros!$A$12,IF(AND(VALUE(CONCATENATE(T14,S14))>=Parametros!$B$13,VALUE(CONCATENATE(T14,S14))<=Parametros!$C$13),Parametros!$A$13,Parametros!$A$10))) -> Verano
H15: =IF(AND(A15<>"",B15<>""),"B-738","") | K15: =IF(AND(C15<U15,F15>U15,F15<=V15,C15<F15),F15-U15,0)*24+IF(AND(C15>=U15,F15<=V15,C15<F15),F15-C15,0)*24+ IF(AND(C15>=U15,C15<=V15,C15<F15,F15>V15,F15<VALUE("24:00")),V15-C15,0)*24+IF(AND(C15>=U15,C15<=V15,F15>=VALUE("00:00"),F15<U15),V15-C15,0)*24 -> 0 | L15: =IF(AND((C15)<V15,(F15)<U15,C15<=F15),(F15)-(C15),0)*24+IF(AND(C15<U15,F15>U15,F15<=V15,C15<F15),U15-C15,0)*24+IF(AND(C15>=U15,C15<=V15,C15<F15,F15>V15,F15<VALUE("24:00")),F15-V15,0)*24+IF(AND(C15<F15,"24:00">F15,C15>V15,F15>V15),F15-C15,0)*24+IF(AND(C15>=U15,C15<=V15,F15>VALUE("00:00"),F15<U15),VALUE("24:00")-V15+F15,0)*24+IF(AND(C15>V15,F15<C15,F15<U15,F15>=VALUE("00:00")),VALUE("24:00")-C15+F15,0)*24 -> 0 | M15: =IF(F15<>"",1,0) -> 0 | P15: =K15+L15 -> 0 | S15: =CONCATENATE(REPT("0",2-LEN(A15)),A15) -> 00 | T15: =CONCATENATE(REPT("0",2-LEN(B15)),B15) -> 00 | U15: =IFERROR(VLOOKUP(Y15,Parametros!$A$10:$G$13,4,0),0) -> 0.375 | V15: =IFERROR(VLOOKUP(Y15,Parametros!$A$10:$G$13,5,0),0) -> 0.95833333 | W15: =IFERROR(VLOOKUP(Y15,Parametros!$A$10:$G$13,6,0),0) -> 0.95902778 | X15: =IFERROR(VLOOKUP(Y15,Parametros!$A$10:$G$13,7,0),0) -> 0.37430556 | Y15: =IF(AND(VALUE(CONCATENATE(T15,S15))>=Parametros!$B$11,VALUE(CONCATENATE(T15,S15))<=Parametros!$C$11),Parametros!$A$11,IF(AND(VALUE(CONCATENATE(T15,S15))>=Parametros!$B$12,VALUE(CONCATENATE(T15,S15))<=Parametros!$C$12),Parametros!$A$12,IF(AND(VALUE(CONCATENATE(T15,S15))>=Parametros!$B$13,VALUE(CONCATENATE(T15,S15))<=Parametros!$C$13),Parametros!$A$13,Parametros!$A$10))) -> Verano
H16: =IF(AND(A16<>"",B16<>""),"B-738","") | K16: =IF(AND(C16<U16,F16>U16,F16<=V16,C16<F16),F16-U16,0)*24+IF(AND(C16>=U16,F16<=V16,C16<F16),F16-C16,0)*24+ IF(AND(C16>=U16,C16<=V16,C16<F16,F16>V16,F16<VALUE("24:00")),V16-C16,0)*24+IF(AND(C16>=U16,C16<=V16,F16>=VALUE("00:00"),F16<U16),V16-C16,0)*24 -> 0 | L16: =IF(AND((C16)<V16,(F16)<U16,C16<=F16),(F16)-(C16),0)*24+IF(AND(C16<U16,F16>U16,F16<=V16,C16<F16),U16-C16,0)*24+IF(AND(C16>=U16,C16<=V16,C16<F16,F16>V16,F16<VALUE("24:00")),F16-V16,0)*24+IF(AND(C16<F16,"24:00">F16,C16>V16,F16>V16),F16-C16,0)*24+IF(AND(C16>=U16,C16<=V16,F16>VALUE("00:00"),F16<U16),VALUE("24:00")-V16+F16,0)*24+IF(AND(C16>V16,F16<C16,F16<U16,F16>=VALUE("00:00")),VALUE("24:00")-C16+F16,0)*24 -> 0 | M16: =IF(F16<>"",1,0) -> 0 | P16: =K16+L16 -> 0 | S16: =CONCATENATE(REPT("0",2-LEN(A16)),A16) -> 00 | T16: =CONCATENATE(REPT("0",2-LEN(B16)),B16) -> 00 | U16: =IFERROR(VLOOKUP(Y16,Parametros!$A$10:$G$13,4,0),0) -> 0.375 | V16: =IFERROR(VLOOKUP(Y16,Parametros!$A$10:$G$13,5,0),0) -> 0.95833333 | W16: =IFERROR(VLOOKUP(Y16,Parametros!$A$10:$G$13,6,0),0) -> 0.95902778 | X16: =IFERROR(VLOOKUP(Y16,Parametros!$A$10:$G$13,7,0),0) -> 0.37430556 | Y16: =IF(AND(VALUE(CONCATENATE(T16,S16))>=Parametros!$B$11,VALUE(CONCATENATE(T16,S16))<=Parametros!$C$11),Parametros!$A$11,IF(AND(VALUE(CONCATENATE(T16,S16))>=Parametros!$B$12,VALUE(CONCATENATE(T16,S16))<=Parametros!$C$12),Parametros!$A$12,IF(AND(VALUE(CONCATENATE(T16,S16))>=Parametros!$B$13,VALUE(CONCATENATE(T16,S16))<=Parametros!$C$13),Parametros!$A$13,Parametros!$A$10))) -> Verano
H17: =IF(AND(A17<>"",B17<>""),"B-738","") | K17: =IF(AND(C17<U17,F17>U17,F17<=V17,C17<F17),F17-U17,0)*24+IF(AND(C17>=U17,F17<=V17,C17<F17),F17-C17,0)*24+ IF(AND(C17>=U17,C17<=V17,C17<F17,F17>V17,F17<VALUE("24:00")),V17-C17,0)*24+IF(AND(C17>=U17,C17<=V17,F17>=VALUE("00:00"),F17<U17),V17-C17,0)*24 -> 0 | L17: =IF(AND((C17)<V17,(F17)<U17,C17<=F17),(F17)-(C17),0)*24+IF(AND(C17<U17,F17>U17,F17<=V17,C17<F17),U17-C17,0)*24+IF(AND(C17>=U17,C17<=V17,C17<F17,F17>V17,F17<VALUE("24:00")),F17-V17,0)*24+IF(AND(C17<F17,"24:00">F17,C17>V17,F17>V17),F17-C17,0)*24+IF(AND(C17>=U17,C17<=V17,F17>VALUE("00:00"),F17<U17),VALUE("24:00")-V17+F17,0)*24+IF(AND(C17>V17,F17<C17,F17<U17,F17>=VALUE("00:00")),VALUE("24:00")-C17+F17,0)*24 -> 0 | M17: =IF(F17<>"",1,0) -> 0 | P17: =K17+L17 -> 0 | S17: =CONCATENATE(REPT("0",2-LEN(A17)),A17) -> 00 | T17: =CONCATENATE(REPT("0",2-LEN(B17)),B17) -> 00 | U17: =IFERROR(VLOOKUP(Y17,Parametros!$A$10:$G$13,4,0),0) -> 0.375 | V17: =IFERROR(VLOOKUP(Y17,Parametros!$A$10:$G$13,5,0),0) -> 0.95833333 | W17: =IFERROR(VLOOKUP(Y17,Parametros!$A$10:$G$13,6,0),0) -> 0.95902778 | X17: =IFERROR(VLOOKUP(Y17,Parametros!$A$10:$G$13,7,0),0) -> 0.37430556 | Y17: =IF(AND(VALUE(CONCATENATE(T17,S17))>=Parametros!$B$11,VALUE(CONCATENATE(T17,S17))<=Parametros!$C$11),Parametros!$A$11,IF(AND(VALUE(CONCATENATE(T17,S17))>=Parametros!$B$12,VALUE(CONCATENATE(T17,S17))<=Parametros!$C$12),Parametros!$A$12,IF(AND(VALUE(CONCATENATE(T17,S17))>=Parametros!$B$13,VALUE(CONCATENATE(T17,S17))<=Parametros!$C$13),Parametros!$A$13,Parametros!$A$10))) -> Verano
H18: =IF(AND(A18<>"",B18<>""),"B-738","") | K18: =IF(AND(C18<U18,F18>U18,F18<=V18,C18<F18),F18-U18,0)*24+IF(AND(C18>=U18,F18<=V18,C18<F18),F18-C18,0)*24+ IF(AND(C18>=U18,C18<=V18,C18<F18,F18>V18,F18<VALUE("24:00")),V18-C18,0)*24+IF(AND(C18>=U18,C18<=V18,F18>=VALUE("00:00"),F18<U18),V18-C18,0)*24 -> 0 | L18: =IF(AND((C18)<V18,(F18)<U18,C18<=F18),(F18)-(C18),0)*24+IF(AND(C18<U18,F18>U18,F18<=V18,C18<F18),U18-C18,0)*24+IF(AND(C18>=U18,C18<=V18,C18<F18,F18>V18,F18<VALUE("24:00")),F18-V18,0)*24+IF(AND(C18<F18,"24:00">F18,C18>V18,F18>V18),F18-C18,0)*24+IF(AND(C18>=U18,C18<=V18,F18>VALUE("00:00"),F18<U18),VALUE("24:00")-V18+F18,0)*24+IF(AND(C18>V18,F18<C18,F18<U18,F18>=VALUE("00:00")),VALUE("24:00")-C18+F18,0)*24 -> 0 | M18: =IF(F18<>"",1,0) -> 0 | P18: =K18+L18 -> 0 | S18: =CONCATENATE(REPT("0",2-LEN(A18)),A18) -> 00 | T18: =CONCATENATE(REPT("0",2-LEN(B18)),B18) -> 00 | U18: =IFERROR(VLOOKUP(Y18,Parametros!$A$10:$G$13,4,0),0) -> 0.375 | V18: =IFERROR(VLOOKUP(Y18,Parametros!$A$10:$G$13,5,0),0) -> 0.95833333 | W18: =IFERROR(VLOOKUP(Y18,Parametros!$A$10:$G$13,6,0),0) -> 0.95902778 | X18: =IFERROR(VLOOKUP(Y18,Parametros!$A$10:$G$13,7,0),0) -> 0.37430556 | Y18: =IF(AND(VALUE(CONCATENATE(T18,S18))>=Parametros!$B$11,VALUE(CONCATENATE(T18,S18))<=Parametros!$C$11),Parametros!$A$11,IF(AND(VALUE(CONCATENATE(T18,S18))>=Parametros!$B$12,VALUE(CONCATENATE(T18,S18))<=Parametros!$C$12),Parametros!$A$12,IF(AND(VALUE(CONCATENATE(T18,S18))>=Parametros!$B$13,VALUE(CONCATENATE(T18,S18))<=Parametros!$C$13),Parametros!$A$13,Parametros!$A$10))) -> Verano
... H21: =IF(AND(A21<>"",B21<>""),"B-738","") | K21: =IF(AND(C21<U21,F21>U21,F21<=V21,C21<F21),F21-U21,0)*24+IF(AND(C21>=U21,F21<=V21,C21<F21),F21-C21,0)*24+ IF(AND(C21>=U21,C21<=V21,C21<F21,F21>V21,F21<VALUE("24:00")),V21-C21,0)*24+IF(AND(C21>=U21,C21<=V21,F21>=VALUE("00:00"),F21<U21),V21-C21,0)*24 -> 0 | L21: =IF(AND((C21)<V21,(F21)<U21,C21<=F21),(F21)-(C21),0)*24+IF(AND(C21<U21,F21>U21,F21<=V21,C21<F21),U21-C21,0)*24+IF(AND(C21>=U21,C21<=V21,C21<F21,F21>V21,F21<VALUE("24:00")),F21-V21,0)*24+IF(AND(C21<F21,"24:00">F21,C21>V21,F21>V21),F21-C21,0)*24+IF(AND(C21>=U21,C21<=V21,F21>VALUE("00:00"),F21<U21),VALUE("24:00")-V21+F21,0)*24+IF(AND(C21>V21,F21<C21,F21<U21,F21>=VALUE("00:00")),VALUE("24:00")-C21+F21,0)*24 -> 0 | M21: =IF(F21<>"",1,0) -> 0 | P21: =K21+L21 -> 0 | S21: =CONCATENATE(REPT("0",2-LEN(A21)),A21) -> 00 | T21: =CONCATENATE(REPT("0",2-LEN(B21)),B21) -> 00 | U21: =IFERROR(VLOOKUP(Y21,Parametros!$A$10:$G$13,4,0),0) -> 0.375 | V21: =IFERROR(VLOOKUP(Y21,Parametros!$A$10:$G$13,5,0),0) -> 0.95833333 | W21: =IFERROR(VLOOKUP(Y21,Parametros!$A$10:$G$13,6,0),0) -> 0.95902778 | X21: =IFERROR(VLOOKUP(Y21,Parametros!$A$10:$G$13,7,0),0) -> 0.37430556 | Y21: =IF(AND(VALUE(CONCATENATE(T21,S21))>=Parametros!$B$11,VALUE(CONCATENATE(T21,S21))<=Parametros!$C$11),Parametros!$A$11,IF(AND(VALUE(CONCATENATE(T21,S21))>=Parametros!$B$12,VALUE(CONCATENATE(T21,S21))<=Parametros!$C$12),Parametros!$A$12,IF(AND(VALUE(CONCATENATE(T21,S21))>=Parametros!$B$13,VALUE(CONCATENATE(T21,S21))<=Parametros!$C$13),Parametros!$A$13,Parametros!$A$10))) -> Verano
A22: TOTAL HORAS DE VUELO A LA PÁGINA SIGUIENTE | K22: =SUM(K6:K21) -> 0 | L22: =SUM(L6:L21) -> 1.5 | M22: =SUM(M6:M21) -> 1 | P22: =SUM(K22:L23) -> 1.5 | Q22: Total horas de vuelo a la página siguiente
C24: APROBADO POR DISPOSICIÓN 278/03 DHA
J25: ...........................................................................
J26: FIRMA DEL TITULAR

Sheet Hoja3
B1: APELLIDO Y NOMBRE: | E1: =Parametros!B1 -> Cargar Apellido | I1: CERTIFICADO DE COMPETENCIA: | M1: TCP | O1: LEGAJO: | P1: =Parametros!B2 -> ingrese legajo
A2: AÑO | C2: ITINERARIO | G2: FINALIDAD DEL VUELO | H2: AERONAVES UTILIZADAS | K2: TIEMPOS DE VUELO | M2: ATERRIZAJES | N2: DISCRIMINACIÓN DE TIEMPOS DE VUELO | P2: CERTIFICACIONES
C3: HORA DE SALIDA | D3: DESDE - HASTA | F3: HORA DE LLEGADA | H3: MARCA | I3: MATRÍCULA | J3: FOLIO RVA | K3: DE DÍA | L3: NOCHE
A4: =Hoja2!A4 -> 2024 | N4: INSTRUCTOR | O4: TIPO DE
A5: DÍA | B5: MES | N5: DE TCP | O5: AERONAVE | U5: Diurnos | W5: Nocturnos
H6: TOTALES PÁGINA ANTERIOR | K6: =Hoja2!K22 -> 0 | L6: =Hoja2!L22 -> 1.5 | M6: =Hoja2!M22 -> 1 | P6: =Hoja2!P22 -> 1.5 | Q6: Total horas de vuelo de la página anterior | S6: Dia | T6: Mes | U6: Desde | V6: Hasta | W6: Desde | X6: Hasta | Y6: Estacion
H7: =IF(AND(A7<>"",B7<>""),"B-738","") | K7: =IF(AND(C7<U7,F7>U7,F7<=V7,C7<F7),F7-U7,0)*24+IF(AND(C7>=U7,F7<=V7,C7<F7),F7-C7,0)*24+ IF(AND(C7>=U7,C7<=V7,C7<F7,F7>V7,F7<VALUE("24:00")),V7-C7,0)*24+IF(AND(C7>=U7,C7<=V7,F7>=VALUE("00:00"),F7<U7),V7-C7,0)*24 -> 0 | L7: =IF(AND((C7)<V7,(F7)<U7,C7<=F7),(F7)-(C7),0)*24+IF(AND(C7<U7,F7>U7,F7<=V7,C7<F7),U7-C7,0)*24+IF(AND(C7>=U7,C7<=V7,C7<F7,F7>V7,F7<VALUE("24:00")),F7-V7,0)*24+IF(AND(C7<F7,"24:00">F7,C7>V7,F7>V7),F7-C7,0)*24+IF(AND(C7>=U7,C7<=V7,F7>VALUE("00:00"),F7<U7),VALUE("24:00")-V7+F7,0)*24+IF(AND(C7>V7,F7<C7,F7<U7,F7>=VALUE("00:00")),VALUE("24:00")-C7+F7,0)*24 -> 0 | M7: =IF(F7<>"",1,0) -> 0 | P7: =K7+L7 -> 0 | S7: =CONCATENATE(REPT("0",2-LEN(A7)),A7) -> 00 | T7: =CONCATENATE(REPT("0",2-LEN(B7)),B7) -> 00 | U7: =IFERROR(VLOOKUP(Y7,Parametros!$A$10:$G$13,4,0),0) -> 0.375 | V7: =IFERROR(VLOOKUP(Y7,Parametros!$A$10:$G$13,5,0),0) -> 0.95833333 | W7: =IFERROR(VLOOKUP(Y7,Parametros!$A$10:$G$13,6,0),0) -> 0.95902778 | X7: =IFERROR(VLOOKUP(Y7,Parametros!$A$10:$G$13,7,0),0) -> 0.37430556 | Y7: =IF(AND(VALUE(CONCATENATE(T7,S7))>=Parametros!$B$11,VALUE(CONCATENATE(T7,S7))<=Parametros!$C$11),Parametros!$A$11,IF(AND(VALUE(CONCATENATE(T7,S7))>=Parametros!$B$12,VALUE(CONCATENATE(T7,S7))<=Parametros!$C$12),Parametros!$A$12,IF(AND(VALUE(CONCATENATE(T7,S7))>=Parametros!$B$13,VALUE(CONCATENATE(T7,S7))<=Parametros!$C$13),Parametros!$A$13,Parametros!$A$10))) -> Verano
H8: =IF(AND(A8<>"",B8<>""),"B-738","") | K8: =IF(AND(C8<U8,F8>U8,F8<=V8,C8<F8),F8-U8,0)*24+IF(AND(C8>=U8,F8<=V8,C8<F8),F8-C8,0)*24+ IF(AND(C8>=U8,C8<=V8,C8<F8,F8>V8,F8<VALUE("24:00")),V8-C8,0)*24+IF(AND(C8>=U8,C8<=V8,F8>=VALUE("00:00"),F8<U8),V8-C8,0)*24 -> 0 | L8: =IF(AND((C8)<V8,(F8)<U8,C8<=F8),(F8)-(C8),0)*24+IF(AND(C8<U8,F8>U8,F8<=V8,C8<F8),U8-C8,0)*24+IF(AND(C8>=U8,C8<=V8,C8<F8,F8>V8,F8<VALUE("24:00")),F8-V8,0)*24+IF(AND(C8<F8,"24:00">F8,C8>V8,F8>V8),F8-C8,0)*24+IF(AND(C8>=U8,C8<=V8,F8>VALUE("00:00"),F8<U8),VALUE("24:00")-V8+F8,0)*24+IF(AND(C8>V8,F8<C8,F8<U8,F8>=VALUE("00:00")),VALUE("24:00")-C8+F8,0)*24 -> 0 | M8: =IF(F8<>"",1,0) -> 0 | P8: =K8+L8 -> 0 | S8: =CONCATENATE(REPT("0",2-LEN(A8)),A8) -> 00 | T8: =CONCATENATE(REPT("0",2-LEN(B8)),B8) -> 00 | U8: =IFERROR(VLOOKUP(Y8,Parametros!$A$10:$G$13,4,0),0) -> 0.375 | V8: =IFERROR(VLOOKUP(Y8,Parametros!$A$10:$G$13,5,0),0) -> 0.95833333 | W8: =IFERROR(VLOOKUP(Y8,Parametros!$A$10:$G$13,6,0),0) -> 0.95902778 | X8: =IFERROR(VLOOKUP(Y8,Parametros!$A$10:$G$13,7,0),0) -> 0.37430556 | Y8: =IF(AND(VALUE(CONCATENATE(T8,S8))>=Parametros!$B$11,VALUE(CONCATENATE(T8,S8))<=Parametros!$C$11),Parametros!$A$11,IF(AND(VALUE(CONCATENATE(T8,S8))>=Parametros!$B$12,VALUE(CONCATENATE(T8,S8))<=Parametros!$C$12),Parametros!$A$12,IF(AND(VALUE(CONCATENATE(T8,S8))>=Parametros!$B$13,VALUE(CONCATENATE(T8,S8))<=Parametros!$C$13),Parametros!$A$13,Parametros!$A$10))) -> Verano
H9: =IF(AND(A9<>"",B9<>""),"B-738","") | K9: =IF(AND(C9<U9,F9>U9,F9<=V9,C9<F9),F9-U9,0)*24+IF(AND(C9>=U9,F9<=V9,C9<F9),F9-C9,0)*24+ IF(AND(C9>=U9,C9<=V9,C9<F9,F9>V9,F9<VALUE("24:00")),V9-C9,0)*24+IF(AND(C9>=U9,C9<=V9,F9>=VALUE("00:00"),F9<U9),V9-C9,0)*24 -> 0 | L9: =IF(AND((C9)<V9,(F9)<U9,C9<=F9),(F9)-(C9),0)*24+IF(AND(C9<U9,F9>U9,F9<=V9,C9<F9),U9-C9,0)*24+IF(AND(C9>=U9,C9<=V9,C9<F9,F9>V9,F9<VALUE("24:00")),F9-V9,0)*24+IF(AND(C9<F9,"24:00">F9,C9>V9,F9>V9),F9-C9,0)*24+IF(AND(C9>=U9,C9<=V9,F9>VALUE("00:00"),F9<U9),VALUE("24:00")-V9+F9,0)*24+IF(AND(C9>V9,F9<C9,F9<U9,F9>=VALUE("00:00")),VALUE("24:00")-C9+F9,0)*24 -> 0 | M9: =IF(F9<>"",1,0) -> 0 | P9: =K9+L9 -> 0 | S9: =CONCATENATE(REPT("0",2-LEN(A9)),A9) -> 00 | T9: =CONCATENATE(REPT("0",2-LEN(B9)),B9) -> 00 | U9: =IFERROR(VLOOKUP(Y9,Parametros!$A$10:$G$13,4,0),0) -> 0.375 | V9: =IFERROR(VLOOKUP(Y9,Parametros!$A$10:$G$13,5,0),0) -> 0.95833333 | W9: =IFERROR(VLOOKUP(Y9,Parametros!$A$10:$G$13,6,0),0) -> 0.95902778 | X9: =IFERROR(VLOOKUP(Y9,Parametros!$A$10:$G$13,7,0),0) -> 0.37430556 | Y9: =IF(AND(VALUE(CONCATENATE(T9,S9))>=Parametros!$B$11,VALUE(CONCATENATE(T9,S9))<=Parametros!$C$11),Parametros!$A$11,IF(AND(VALUE(CONCATENATE(T9,S9))>=Parametros!$B$12,VALUE(CONCATENATE(T9,S9))<=Parametros!$C$12),Parametros!$A$12,IF(AND(VALUE(CONCATENATE(T9,S9))>=Parametros!$B$13,VALUE(CONCATENATE(T9,S9))<=Parametros!$C$13),Parametros!$A$13,Parametros!$A$10))) -> Verano
H10: =IF(AND(A10<>"",B10<>""),"B-738","") | K10: =IF(AND(C10<U10,F10>U10,F10<=V10,C10<F10),F10-U10,0)*24+IF(AND(C10>=U10,F10<=V10,C10<F10),F10-C10,0)*24+ IF(AND(C10>=U10,C10<=V10,C10<F10,F10>V10,F10<VALUE("24:00")),V10-C10,0)*24+IF(AND(C10>=U10,C10<=V10,F10>=VALUE("00:00"),F10<U10),V10-C10,0)*24 -> 0 | L10: =IF(AND((C10)<V10,(F10)<U10,C10<=F10),(F10)-(C10),0)*24+IF(AND(C10<U10,F10>U10,F10<=V10,C10<F10),U10-C10,0)*24+IF(AND(C10>=U10,C10<=V10,C10<F10,F10>V10,F10<VALUE("24:00")),F10-V10,0)*24+IF(AND(C10<F10,"24:00">F10,C10>V10,F10>V10),F10-C10,0)*24+IF(AND(C10>=U10,C10<=V10,F10>VALUE("00:00"),F10<U10),VALUE("24:00")-V10+F10,0)*24+IF(AND(C10>V10,F10<C10,F10<U10,F10>=VALUE("00:00")),VALUE("24:00")-C10+F10,0)*24 -> 0 | M10: =IF(F10<>"",1,0) -> 0 | P10: =K10+L10 -> 0 | S10: =CONCATENATE(REPT("0",2-LEN(A10)),A10) -> 00 | T10: =CONCATENATE(REPT("0",2-LEN(B10)),B10) -> 00 | U10: =IFERROR(VLOOKUP(Y10,Parametros!$A$10:$G$13,4,0),0) -> 0.375 | V10: =IFERROR(VLOOKUP(Y10,Parametros!$A$10:$G$13,5,0),0) -> 0.95833333 | W10: =IFERROR(VLOOKUP(Y10,Parametros!$A$10:$G$13,6,0),0) -> 0.95902778 | X10: =IFERROR(VLOOKUP(Y10,Parametros!$A$10:$G$13,7,0),0) -> 0.37430556 | Y10: =IF(AND(VALUE(CONCATENATE(T10,S10))>=Parametros!$B$11,VALUE(CONCATENATE(T10,S10))<=Parametros!$C$11),Parametros!$A$11,IF(AND(VALUE(CONCATENATE(T10,S10))>=Parametros!$B$12,VALUE(CONCATENATE(T10,S10))<=Parametros!$C$12),Parametros!$A$12,IF(AND(VALUE(CONCATENATE(T10,S10))>=Parametros!$B$13,VALUE(CONCATENATE(T10,S10))<=Parametros!$C$13),Parametros!$A$13,Parametros!$A$10))) -> Verano
H11: =IF(AND(A11<>"",B11<>""),"B-738","") | K11: =IF(AND(C11<U11,F11>U11,F11<=V11,C11<F11),F11-U11,0)*24+IF(AND(C11>=U11,F11<=V11,C11<F11),F11-C11,0)*24+ IF(AND(C11>=U11,C11<=V11,C11<F11,F11>V11,F11<VALUE("24:00")),V11-C11,0)*24+IF(AND(C11>=U11,C11<=V11,F11>=VALUE("00:00"),F11<U11),V11-C11,0)*24 -> 0 | L11: =IF(AND((C11)<V11,(F11)<U11,C11<=F11),(F11)-(C11),0)*24+IF(AND(C11<U11,F11>U11,F11<=V11,C11<F11),U11-C11,0)*24+IF(AND(C11>=U11,C11<=V11,C11<F11,F11>V11,F11<VALUE("24:00")),F11-V11,0)*24+IF(AND(C11<F11,"24:00">F11,C11>V11,F11>V11),F11-C11,0)*24+IF(AND(C11>=U11,C11<=V11,F11>VALUE("00:00"),F11<U11),VALUE("24:00")-V11+F11,0)*24+IF(AND(C11>V11,F11<C11,F11<U11,F11>=VALUE("00:00")),VALUE("24:00")-C11+F11,0)*24 -> 0 | M11: =IF(F11<>"",1,0) -> 0 | P11: =K11+L11 -> 0 | S11: =CONCATENATE(REPT("0",2-LEN(A11)),A11) -> 00 | T11: =CONCATENATE(REPT("0",2-LEN(B11)),B11) -> 00 | U11: =IFERROR(VLOOKUP(Y11,Parametros!$A$10:$G$13,4,0),0) -> 0.375 | V11: =IFERROR(VLOOKUP(Y11,Parametros!$A$10:$G$13,5,0),0) -> 0.95833333 | W11: =IFERROR(VLOOKUP(Y11,Parametros!$A$10:$G$13,6,0),0) -> 0.95902778 | X11: =IFERROR(VLOOKUP(Y11,Parametros!$A$10:$G$13,7,0),0) -> 0.37430556 | Y11: =IF(AND(VALUE(CONCATENATE(T11,S11))>=Parametros!$B$11,VALUE(CONCATENATE(T11,S11))<=Parametros!$C$11),Parametros!$A$11,IF(AND(VALUE(CONCATENATE(T11,S11))>=Parametros!$B$12,VALUE(CONCATENATE(T11,S11))<=Parametros!$C$12),Parametros!$A$12,IF(AND(VALUE(CONCATENATE(T11,S11))>=Parametros!$B$13,VALUE(CONCATENATE(T11,S11))<=Parametros!$C$13),Parametros!$A$13,Parametros!$A$10))) -> Verano
H12: =IF(AND(A12<>"",B12<>""),"B-738","") | K12: =IF(AND(C12<U12,F12>U12,F12<=V12,C12<F12),F12-U12,0)*24+IF(AND(C12>=U12,F12<=V12,C12<F12),F12-C12,0)*24+ IF(AND(C12>=U12,C12<=V12,C12<F12,F12>V12,F12<VALUE("24:00")),V12-C12,0)*24+IF(AND(C12>=U12,C12<=V12,F12>=VALUE("00:00"),F12<U12),V12-C12,0)*24 -> 0 | L12: =IF(AND((C12)<V12,(F12)<U12,C12<=F12),(F12)-(C12),0)*24+IF(AND(C12<U12,F12>U12,F12<=V12,C12<F12),U12-C12,0)*24+IF(AND(C12>=U12,C12<=V12,C12<F12,F12>V12,F12<VALUE("24:00")),F12-V12,0)*24+IF(AND(C12<F12,"24:00">F12,C12>V12,F12>V12),F12-C12,0)*24+IF(AND(C12>=U12,C12<=V12,F12>VALUE("00:00"),F12<U12),VALUE("24:00")-V12+F12,0)*24+IF(AND(C12>V12,F12<C12,F12<U12,F12>=VALUE("00:00")),VALUE("24:00")-C12+F12,0)*24 -> 0 | M12: =IF(F12<>"",1,0) -> 0 | P12: =K12+L12 -> 0 | S12: =CONCATENATE(REPT("0",2-LEN(A12)),A12) -> 00 | T12: =CONCATENATE(REPT("0",2-LEN(B12)),B12) -> 00 | U12: =IFERROR(VLOOKUP(Y12,Parametros!$A$10:$G$13,4,0),0) -> 0.375 | V12: =IFERROR(VLOOKUP(Y12,Parametros!$A$10:$G$13,5,0),0) -> 0.95833333 | W12: =IFERROR(VLOOKUP(Y12,Parametros!$A$10:$G$13,6,0),0) -> 0.95902778 | X12: =IFERROR(VLOOKUP(Y12,Parametros!$A$10:$G$13,7,0),0) -> 0.37430556 | Y12: =IF(AND(VALUE(CONCATENATE(T12,S12))>=Parametros!$B$11,VALUE(CONCATENATE(T12,S12))<=Parametros!$C$11),Parametros!$A$11,IF(AND(VALUE(CONCATENATE(T12,S12))>=Parametros!$B$12,VALUE(CONCATENATE(T12,S12))<=Parametros!$C$12),Parametros!$A$12,IF(AND(VALUE(CONCATENATE(T12,S12))>=Parametros!$B$13,VALUE(CONCATENATE(T12,S12))<=Parametros!$C$13),Parametros!$A$13,Parametros!$A$10))) -> Verano
H13: =IF(AND(A13<>"",B13<>""),"B-738","") | K13: =IF(AND(C13<U13,F13>U13,F13<=V13,C13<F13),F13-U13,0)*24+IF(AND(C13>=U13,F13<=V13,C13<F13),F13-C13,0)*24+ IF(AND(C13>=U13,C13<=V13,C13<F13,F13>V13,F13<VALUE("24:00")),V13-C13,0)*24+IF(AND(C13>=U13,C13<=V13,F13>=VALUE("00:00"),F13<U13),V13-C13,0)*24 -> 0 | L13: =IF(AND((C13)<V13,(F13)<U13,C13<=F13),(F13)-(C13),0)*24+IF(AND(C13<U13,F13>U13,F13<=V13,C13<F13),U13-C13,0)*24+IF(AND(C13>=U13,C13<=V13,C13<F13,F13>V13,F13<VALUE("24:00")),F13-V13,0)*24+IF(AND(C13<F13,"24:00">F13,C13>V13,F13>V13),F13-C13,0)*24+IF(AND(C13>=U13,C13<=V13,F13>VALUE("00:00"),F13<U13),VALUE("24:00")-V13+F13,0)*24+IF(AND(C13>V13,F13<C13,F13<U13,F13>=VALUE("00:00")),VALUE("24:00")-C13+F13,0)*24 -> 0 | M13: =IF(F13<>"",1,0) -> 0 | P13: =K13+L13 -> 0 | S13: =CONCATENATE(REPT("0",2-LEN(A13)),A13) -> 00 | T13: =CONCATENATE(REPT("0",2-LEN(B13)),B13) -> 00 | U13: =IFERROR(VLOOKUP(Y13,Parametros!$A$10:$G$13,4,0),0) -> 0.375 | V13: =IFERROR(VLOOKUP(Y13,Parametros!$A$10:$G$13,5,0),0) -> 0.95833333 | W13: =IFERROR(VLOOKUP(Y13,Parametros!$A$10:$G$13,6,0),0) -> 0.95902778 | X13: =IFERROR(VLOOKUP(Y13,Parametros!$A$10:$G$13,7,0),0) -> 0.37430556 | Y13: =IF(AND(VALUE(CONCATENATE(T13,S13))>=Parametros!$B$11,VALUE(CONCATENATE(T13,S13))<=Parametros!$C$11),Parametros!$A$11,IF(AND(VALUE(CONCATENATE(T13,S13))>=Parametros!$B$12,VALUE(CONCATENATE(T13,S13))<=Parametros!$C$12),Parametros!$A$12,IF(AND(VALUE(CONCATENATE(T13,S13))>=Parametros!$B$13,VALUE(CONCATENATE(T13,S13))<=Parametros!$C$13),Parametros!$A$13,Parametros!$A$10))) -> Verano
H14: =IF(AND(A14<>"",B14<>""),"B-738","") | K14: =IF(AND(C14<U14,F14>U14,F14<=V14,C14<F14),F14-U14,0)*24+IF(AND(C14>=U14,F14<=V14,C14<F14),F14-C14,0)*24+ IF(AND(C14>=U14,C14<=V14,C14<F14,F14>V14,F14<VALUE("24:00")),V14-C14,0)*24+IF(AND(C14>=U14,C14<=V14,F14>=VALUE("00:00"),F14<U14),V14-C14,0)*24 -> 0 | L14: =IF(AND((C14)<V14,(F14)<U14,C14<=F14),(F14)-(C14),0)*24+IF(AND(C14<U14,F14>U14,F14<=V14,C14<F14),U14-C14,0)*24+IF(AND(C14>=U14,C14<=V14,C14<F14,F14>V14,F14<VALUE("24:00")),F14-V14,0)*24+IF(AND(C14<F14,"24:00">F14,C14>V14,F14>V14),F14-C14,0)*24+IF(AND(C14>=U14,C14<=V14,F14>VALUE("00:00"),F14<U14),VALUE("24:00")-V14+F14,0)*24+IF(AND(C14>V14,F14<C14,F14<U14,F14>=VALUE("00:00")),VALUE("24:00")-C14+F14,0)*24 -> 0 | M14: =IF(F14<>"",1,0) -> 0 | P14: =K14+L14 -> 0 | S14: =CONCATENATE(REPT("0",2-LEN(A14)),A14) -> 00 | T14: =CONCATENATE(REPT("0",2-LEN(B14)),B14) -> 00 | U14: =IFERROR(VLOOKUP(Y14,Parametros!$A$10:$G$13,4,0),0) -> 0.375 | V14: =IFERROR(VLOOKUP(Y14,Parametros!$A$10:$G$13,5,0),0) -> 0.95833333 | W14: =IFERROR(VLOOKUP(Y14,Parametros!$A$10:$G$13,6,0),0) -> 0.95902778 | X14: =IFERROR(VLOOKUP(Y14,Parametros!$A$10:$G$13,7,0),0) -> 0.37430556 | Y14: =IF(AND(VALUE(CONCATENATE(T14,S14))>=Parametros!$B$11,VALUE(CONCATENATE(T14,S14))<=Parametros!$C$11),Parametros!$A$11,IF(AND(VALUE(CONCATENATE(T14,S14))>=Parametros!$B$12,VALUE(CONCATENATE(T14,S14))<=Parametros!$C$12),Parametros!$A$12,IF(AND(VALUE(CONCATENATE(T14,S14))>=Parametros!$B$13,VALUE(CONCATENATE(T14,S14))<=Parametros!$C$13),Parametros!$A$13,Parametros!$A$10))) -> Verano
H15: =IF(AND(A15<>"",B15<>""),"B-738","") | K15: =IF(AND(C15<U15,F15>U15,F15<=V15,C15<F15),F15-U15,0)*24+IF(AND(C15>=U15,F15<=V15,C15<F15),F15-C15,0)*24+ IF(AND(C15>=U15,C15<=V15,C15<F15,F15>V15,F15<VALUE("24:00")),V15-C15,0)*24+IF(AND(C15>=U15,C15<=V15,F15>=VALUE("00:00"),F15<U15),V15-C15,0)*24 -> 0 | L15: =IF(AND((C15)<V15,(F15)<U15,C15<=F15),(F15)-(C15),0)*24+IF(AND(C15<U15,F15>U15,F15<=V15,C15<F15),U15-C15,0)*24+IF(AND(C15>=U15,C15<=V15,C15<F15,F15>V15,F15<VALUE("24:00")),F15-V15,0)*24+IF(AND(C15<F15,"24:00">F15,C15>V15,F15>V15),F15-C15,0)*24+IF(AND(C15>=U15,C15<=V15,F15>VALUE("00:00"),F15<U15),VALUE("24:00")-V15+F15,0)*24+IF(AND(C15>V15,F15<C15,F15<U15,F15>=VALUE("00:00")),VALUE("24:00")-C15+F15,0)*24 -> 0 | M15: =IF(F15<>"",1,0) -> 0 | P15: =K15+L15 -> 0 | S15: =CONCATENATE(REPT("0",2-LEN(A15)),A15) -> 00 | T15: =CONCATENATE(REPT("0",2-LEN(B15)),B15) -> 00 | U15: =IFERROR(VLOOKUP(Y15,Parametros!$A$10:$G$13,4,0),0) -> 0.375 | V15: =IFERROR(VLOOKUP(Y15,Parametros!$A$10:$G$13,5,0),0) -> 0.95833333 | W15: =IFERROR(VLOOKUP(Y15,Parametros!$A$10:$G$13,6,0),0) -> 0.95902778 | X15: =IFERROR(VLOOKUP(Y15,Parametros!$A$10:$G$13,7,0),0) -> 0.37430556 | Y15: =IF(AND(VALUE(CONCATENATE(T15,S15))>=Parametros!$B$11,VALUE(CONCATENATE(T15,S15))<=Parametros!$C$11),Parametros!$A$11,IF(AND(VALUE(CONCATENATE(T15,S15))>=Parametros!$B$12,VALUE(CONCATENATE(T15,S15))<=Parametros!$C$12),Parametros!$A$12,IF(AND(VALUE(CONCATENATE(T15,S15))>=Parametros!$B$13,VALUE(CONCATENATE(T15,S15))<=Parametros!$C$13),Parametros!$A$13,Parametros!$A$10))) -> Verano
H16: =IF(AND(A16<>"",B16<>""),"B-738","") | K16: =IF(AND(C16<U16,F16>U16,F16<=V16,C16<F16),F16-U16,0)*24+IF(AND(C16>=U16,F16<=V16,C16<F16),F16-C16,0)*24+ IF(AND(C16>=U16,C16<=V16,C16<F16,F16>V16,F16<VALUE("24:00")),V16-C16,0)*24+IF(AND(C16>=U16,C16<=V16,F16>=VALUE("00:00"),F16<U16),V16-C16,0)*24 -> 0 | L16: =IF(AND((C16)<V16,(F16)<U16,C16<=F16),(F16)-(C16),0)*24+IF(AND(C16<U16,F16>U16,F16<=V16,C16<F16),U16-C16,0)*24+IF(AND(C16>=U16,C16<=V16,C16<F16,F16>V16,F16<VALUE("24:00")),F16-V16,0)*24+IF(AND(C16<F16,"24:00">F16,C16>V16,F16>V16),F16-C16,0)*24+IF(AND(C16>=U16,C16<=V16,F16>VALUE("00:00"),F16<U16),VALUE("24:00")-V16+F16,0)*24+IF(AND(C16>V16,F16<C16,F16<U16,F16>=VALUE("00:00")),VALUE("24:00")-C16+F16,0)*24 -> 0 | M16: =IF(F16<>"",1,0) -> 0 | P16: =K16+L16 -> 0 | S16: =CONCATENATE(REPT("0",2-LEN(A16)),A16) -> 00 | T16: =CONCATENATE(REPT("0",2-LEN(B16)),B16) -> 00 | U16: =IFERROR(VLOOKUP(Y16,Parametros!$A$10:$G$13,4,0),0) -> 0.375 | V16: =IFERROR(VLOOKUP(Y16,Parametros!$A$10:$G$13,5,0),0) -> 0.95833333 | W16: =IFERROR(VLOOKUP(Y16,Parametros!$A$10:$G$13,6,0),0) -> 0.95902778 | X16: =IFERROR(VLOOKUP(Y16,Parametros!$A$10:$G$13,7,0),0) -> 0.37430556 | Y16: =IF(AND(VALUE(CONCATENATE(T16,S16))>=Parametros!$B$11,VALUE(CONCATENATE(T16,S16))<=Parametros!$C$11),Parametros!$A$11,IF(AND(VALUE(CONCATENATE(T16,S16))>=Parametros!$B$12,VALUE(CONCATENATE(T16,S16))<=Parametros!$C$12),Parametros!$A$12,IF(AND(VALUE(CONCATENATE(T16,S16))>=Parametros!$B$13,VALUE(CONCATENATE(T16,S16))<=Parametros!$C$13),Parametros!$A$13,Parametros!$A$10))) -> Verano
H17: =IF(AND(A17<>"",B17<>""),"B-738","") | K17: =IF(AND(C17<U17,F17>U17,F17<=V17,C17<F17),F17-U17,0)*24+IF(AND(C17>=U17,F17<=V17,C17<F17),F17-C17,0)*24+ IF(AND(C17>=U17,C17<=V17,C17<F17,F17>V17,F17<VALUE("24:00")),V17-C17,0)*24+IF(AND(C17>=U17,C17<=V17,F17>=VALUE("00:00"),F17<U17),V17-C17,0)*24 -> 0 | L17: =IF(AND((C17)<V17,(F17)<U17,C17<=F17),(F17)-(C17),0)*24+IF(AND(C17<U17,F17>U17,F17<=V17,C17<F17),U17-C17,0)*24+IF(AND(C17>=U17,C17<=V17,C17<F17,F17>V17,F17<VALUE("24:00")),F17-V17,0)*24+IF(AND(C17<F17,"24:00">F17,C17>V17,F17>V17),F17-C17,0)*24+IF(AND(C17>=U17,C17<=V17,F17>VALUE("00:00"),F17<U17),VALUE("24:00")-V17+F17,0)*24+IF(AND(C17>V17,F17<C17,F17<U17,F17>=VALUE("00:00")),VALUE("24:00")-C17+F17,0)*24 -> 0 | M17: =IF(F17<>"",1,0) -> 0 | P17: =K17+L17 -> 0 | S17: =CONCATENATE(REPT("0",2-LEN(A17)),A17) -> 00 | T17: =CONCATENATE(REPT("0",2-LEN(B17)),B17) -> 00 | U17: =IFERROR(VLOOKUP(Y17,Parametros!$A$10:$G$13,4,0),0) -> 0.375 | V17: =IFERROR(VLOOKUP(Y17,Parametros!$A$10:$G$13,5,0),0) -> 0.95833333 | W17: =IFERROR(VLOOKUP(Y17,Parametros!$A$10:$G$13,6,0),0) -> 0.95902778 | X17: =IFERROR(VLOOKUP(Y17,Parametros!$A$10:$G$13,7,0),0) -> 0.37430556 | Y17: =IF(AND(VALUE(CONCATENATE(T17,S17))>=Parametros!$B$11,VALUE(CONCATENATE(T17,S17))<=Parametros!$C$11),Parametros!$A$11,IF(AND(VALUE(CONCATENATE(T17,S17))>=Parametros!$B$12,VALUE(CONCATENATE(T17,S17))<=Parametros!$C$12),Parametros!$A$12,IF(AND(VALUE(CONCATENATE(T17,S17))>=Parametros!$B$13,VALUE(CONCATENATE(T17,S17))<=Parametros!$C$13),Parametros!$A$13,Parametros!$A$10))) -> Verano
H18: =IF(AND(A18<>"",B18<>""),"B-738","") | K18: =IF(AND(C18<U18,F18>U18,F18<=V18,C18<F18),F18-U18,0)*24+IF(AND(C18>=U18,F18<=V18,C18<F18),F18-C18,0)*24+ IF(AND(C18>=U18,C18<=V18,C18<F18,F18>V18,F18<VALUE("24:00")),V18-C18,0)*24+IF(AND(C18>=U18,C18<=V18,F18>=VALUE("00:00"),F18<U18),V18-C18,0)*24 -> 0 | L18: =IF(AND((C18)<V18,(F18)<U18,C18<=F18),(F18)-(C18),0)*24+IF(AND(C18<U18,F18>U18,F18<=V18,C18<F18),U18-C18,0)*24+IF(AND(C18>=U18,C18<=V18,C18<F18,F18>V18,F18<VALUE("24:00")),F18-V18,0)*24+IF(AND(C18<F18,"24:00">F18,C18>V18,F18>V18),F18-C18,0)*24+IF(AND(C18>=U18,C18<=V18,F18>VALUE("00:00"),F18<U18),VALUE("24:00")-V18+F18,0)*24+IF(AND(C18>V18,F18<C18,F18<U18,F18>=VALUE("00:00")),VALUE("24:00")-C18+F18,0)*24 -> 0 | M18: =IF(F18<>"",1,0) -> 0 | P18: =K18+L18 -> 0 | S18: =CONCATENATE(REPT("0",2-LEN(A18)),A18) -> 00 | T18: =CONCATENATE(REPT("0",2-LEN(B18)),B18) -> 00 | U18: =IFERROR(VLOOKUP(Y18,Parametros!$A$10:$G$13,4,0),0) -> 0.375 | V18: =IFERROR(VLOOKUP(Y18,Parametros!$A$10:$G$13,5,0),0) -> 0.95833333 | W18: =IFERROR(VLOOKUP(Y18,Parametros!$A$10:$G$13,6,0),0) -> 0.95902778 | X18: =IFERROR(VLOOKUP(Y18,Parametros!$A$10:$G$13,7,0),0) -> 0.37430556 | Y18: =IF(AND(VALUE(CONCATENATE(T18,S18))>=Parametros!$B$11,VALUE(CONCATENATE(T18,S18))<=Parametros!$C$11),Parametros!$A$11,IF(AND(VALUE(CONCATENATE(T18,S18))>=Parametros!$B$12,VALUE(CONCATENATE(T18,S18))<=Parametros!$C$12),Parametros!$A$12,IF(AND(VALUE(CONCATENATE(T18,S18))>=Parametros!$B$13,VALUE(CONCATENATE(T18,S18))<=Parametros!$C$13),Parametros!$A$13,Parametros!$A$10))) -> Verano
... H21: =IF(AND(A21<>"",B21<>""),"B-738","") | K21: =IF(AND(C21<U21,F21>U21,F21<=V21,C21<F21),F21-U21,0)*24+IF(AND(C21>=U21,F21<=V21,C21<F21),F21-C21,0)*24+ IF(AND(C21>=U21,C21<=V21,C21<F21,F21>V21,F21<VALUE("24:00")),V21-C21,0)*24+IF(AND(C21>=U21,C21<=V21,F21>=VALUE("00:00"),F21<U21),V21-C21,0)*24 -> 0 | L21: =IF(AND((C21)<V21,(F21)<U21,C21<=F21),(F21)-(C21),0)*24+IF(AND(C21<U21,F21>U21,F21<=V21,C21<F21),U21-C21,0)*24+IF(AND(C21>=U21,C21<=V21,C21<F21,F21>V21,F21<VALUE("24:00")),F21-V21,0)*24+IF(AND(C21<F21,"24:00">F21,C21>V21,F21>V21),F21-C21,0)*24+IF(AND(C21>=U21,C21<=V21,F21>VALUE("00:00"),F21<U21),VALUE("24:00")-V21+F21,0)*24+IF(AND(C21>V21,F21<C21,F21<U21,F21>=VALUE("00:00")),VALUE("24:00")-C21+F21,0)*24 -> 0 | M21: =IF(F21<>"",1,0) -> 0 | P21: =K21+L21 -> 0 | S21: =CONCATENATE(REPT("0",2-LEN(A21)),A21) -> 00 | T21: =CONCATENATE(REPT("0",2-LEN(B21)),B21) -> 00 | U21: =IFERROR(VLOOKUP(Y21,Parametros!$A$10:$G$13,4,0),0) -> 0.375 | V21: =IFERROR(VLOOKUP(Y21,Parametros!$A$10:$G$13,5,0),0) -> 0.95833333 | W21: =IFERROR(VLOOKUP(Y21,Parametros!$A$10:$G$13,6,0),0) -> 0.95902778 | X21: =IFERROR(VLOOKUP(Y21,Parametros!$A$10:$G$13,7,0),0) -> 0.37430556 | Y21: =IF(AND(VALUE(CONCATENATE(T21,S21))>=Parametros!$B$11,VALUE(CONCATENATE(T21,S21))<=Parametros!$C$11),Parametros!$A$11,IF(AND(VALUE(CONCATENATE(T21,S21))>=Parametros!$B$12,VALUE(CONCATENATE(T21,S21))<=Parametros!$C$12),Parametros!$A$12,IF(AND(VALUE(CONCATENATE(T21,S21))>=Parametros!$B$13,VALUE(CONCATENATE(T21,S21))<=Parametros!$C$13),Parametros!$A$13,Parametros!$A$10))) -> Verano
A22: TOTAL HORAS DE VUELO A LA PÁGINA SIGUIENTE | K22: =SUM(K6:K21) -> 0 | L22: =SUM(L6:L21) -> 1.5 | M22: =SUM(M6:M21) -> 1 | P22: =SUM(K22:L23) -> 1.5 | Q22: Total horas de vuelo a la página siguiente
C24: APROBADO POR DISPOSICIÓN 278/03 DHA
J25: ...........................................................................
J26: FIRMA DEL TITULAR

Sheet Hoja4
B1: APELLIDO Y NOMBRE: | E1: =Parametros!B1 -> Cargar Apellido | I1: CERTIFICADO DE COMPETENCIA: | M1: TCP | O1: LEGAJO: | P1: =Parametros!B2 -> ingrese legajo
A2: AÑO | C2: ITINERARIO | G2: FINALIDAD DEL VUELO | H2: AERONAVES UTILIZADAS | K2: TIEMPOS DE VUELO | M2: ATERRIZAJES | N2: DISCRIMINACIÓN DE TIEMPOS DE VUELO | P2: CERTIFICACIONES
C3: HORA DE SALIDA | D3: DESDE - HASTA | F3: HORA DE LLEGADA | H3: MARCA | I3: MATRÍCULA | J3: FOLIO RVA | K3: DE DÍA | L3: NOCHE
A4: =Hoja3!A4 -> 2024 | N4: INSTRUCTOR | O4: TIPO DE
A5: DÍA | B5: MES | N5: DE TCP | O5: AERONAVE | U5: Diurnos | W5: Nocturnos
H6: TOTALES PÁGINA ANTERIOR | K6: =Hoja3!K22 -> 0 | L6: =Hoja3!L22 -> 1.5 | M6: =Hoja3!M22 -> 1 | P6: =Hoja3!P22 -> 1.5 | Q6: Total horas de vuelo de la página anterior | S6: Dia | T6: Mes | U6: Desde | V6: Hasta | W6: Desde | X6: Hasta | Y6: Estacion
H7: =IF(AND(A7<>"",B7<>""),"B-738","") | K7: =IF(AND(C7<U7,F7>U7,F7<=V7,C7<F7),F7-U7,0)*24+IF(AND(C7>=U7,F7<=V7,C7<F7),F7-C7,0)*24+ IF(AND(C7>=U7,C7<=V7,C7<F7,F7>V7,F7<VALUE("24:00")),V7-C7,0)*24+IF(AND(C7>=U7,C7<=V7,F7>=VALUE("00:00"),F7<U7),V7-C7,0)*24 -> 0 | L7: =IF(AND((C7)<V7,(F7)<U7,C7<=F7),(F7)-(C7),0)*24+IF(AND(C7<U7,F7>U7,F7<=V7,C7<F7),U7-C7,0)*24+IF(AND(C7>=U7,C7<=V7,C7<F7,F7>V7,F7<VALUE("24:00")),F7-V7,0)*24+IF(AND(C7<F7,"24:00">F7,C7>V7,F7>V7),F7-C7,0)*24+IF(AND(C7>=U7,C7<=V7,F7>VALUE("00:00"),F7<U7),VALUE("24:00")-V7+F7,0)*24+IF(AND(C7>V7,F7<C7,F7<U7,F7>=VALUE("00:00")),VALUE("24:00")-C7+F7,0)*24 -> 0 | M7: =IF(F7<>"",1,0) -> 0 | P7: =K7+L7 -> 0 | S7: =CONCATENATE(REPT("0",2-LEN(A7)),A7) -> 00 | T7: =CONCATENATE(REPT("0",2-LEN(B7)),B7) -> 00 | U7: =IFERROR(VLOOKUP(Y7,Parametros!$A$10:$G$13,4,0),0) -> 0.375 | V7: =IFERROR(VLOOKUP(Y7,Parametros!$A$10:$G$13,5,0),0) -> 0.95833333 | W7: =IFERROR(VLOOKUP(Y7,Parametros!$A$10:$G$13,6,0),0) -> 0.95902778 | X7: =IFERROR(VLOOKUP(Y7,Parametros!$A$10:$G$13,7,0),0) -> 0.37430556 | Y7: =IF(AND(VALUE(CONCATENATE(T7,S7))>=Parametros!$B$11,VALUE(CONCATENATE(T7,S7))<=Parametros!$C$11),Parametros!$A$11,IF(AND(VALUE(CONCATENATE(T7,S7))>=Parametros!$B$12,VALUE(CONCATENATE(T7,S7))<=Parametros!$C$12),Parametros!$A$12,IF(AND(VALUE(CONCATENATE(T7,S7))>=Parametros!$B$13,VALUE(CONCATENATE(T7,S7))<=Parametros!$C$13),Parametros!$A$13,Parametros!$A$10))) -> Verano
H8: =IF(AND(A8<>"",B8<>""),"B-738","") | K8: =IF(AND(C8<U8,F8>U8,F8<=V8,C8<F8),F8-U8,0)*24+IF(AND(C8>=U8,F8<=V8,C8<F8),F8-C8,0)*24+ IF(AND(C8>=U8,C8<=V8,C8<F8,F8>V8,F8<VALUE("24:00")),V8-C8,0)*24+IF(AND(C8>=U8,C8<=V8,F8>=VALUE("00:00"),F8<U8),V8-C8,0)*24 -> 0 | L8: =IF(AND((C8)<V8,(F8)<U8,C8<=F8),(F8)-(C8),0)*24+IF(AND(C8<U8,F8>U8,F8<=V8,C8<F8),U8-C8,0)*24+IF(AND(C8>=U8,C8<=V8,C8<F8,F8>V8,F8<VALUE("24:00")),F8-V8,0)*24+IF(AND(C8<F8,"24:00">F8,C8>V8,F8>V8),F8-C8,0)*24+IF(AND(C8>=U8,C8<=V8,F8>VALUE("00:00"),F8<U8),VALUE("24:00")-V8+F8,0)*24+IF(AND(C8>V8,F8<C8,F8<U8,F8>=VALUE("00:00")),VALUE("24:00")-C8+F8,0)*24 -> 0 | M8: =IF(F8<>"",1,0) -> 0 | P8: =K8+L8 -> 0 | S8: =CONCATENATE(REPT("0",2-LEN(A8)),A8) -> 00 | T8: =CONCATENATE(REPT("0",2-LEN(B8)),B8) -> 00 | U8: =IFERROR(VLOOKUP(Y8,Parametros!$A$10:$G$13,4,0),0) -> 0.375 | V8: =IFERROR(VLOOKUP(Y8,Parametros!$A$10:$G$13,5,0),0) -> 0.95833333 | W8: =IFERROR(VLOOKUP(Y8,Parametros!$A$10:$G$13,6,0),0) -> 0.95902778 | X8: =IFERROR(VLOOKUP(Y8,Parametros!$A$10:$G$13,7,0),0) -> 0.37430556 | Y8: =IF(AND(VALUE(CONCATENATE(T8,S8))>=Parametros!$B$11,VALUE(CONCATENATE(T8,S8))<=Parametros!$C$11),Parametros!$A$11,IF(AND(VALUE(CONCATENATE(T8,S8))>=Parametros!$B$12,VALUE(CONCATENATE(T8,S8))<=Parametros!$C$12),Parametros!$A$12,IF(AND(VALUE(CONCATENATE(T8,S8))>=Parametros!$B$13,VALUE(CONCATENATE(T8,S8))<=Parametros!$C$13),Parametros!$A$13,Parametros!$A$10))) -> Verano
H9: =IF(AND(A9<>"",B9<>""),"B-738","") | K9: =IF(AND(C9<U9,F9>U9,F9<=V9,C9<F9),F9-U9,0)*24+IF(AND(C9>=U9,F9<=V9,C9<F9),F9-C9,0)*24+ IF(AND(C9>=U9,C9<=V9,C9<F9,F9>V9,F9<VALUE("24:00")),V9-C9,0)*24+IF(AND(C9>=U9,C9<=V9,F9>=VALUE("00:00"),F9<U9),V9-C9,0)*24 -> 0 | L9: =IF(AND((C9)<V9,(F9)<U9,C9<=F9),(F9)-(C9),0)*24+IF(AND(C9<U9,F9>U9,F9<=V9,C9<F9),U9-C9,0)*24+IF(AND(C9>=U9,C9<=V9,C9<F9,F9>V9,F9<VALUE("24:00")),F9-V9,0)*24+IF(AND(C9<F9,"24:00">F9,C9>V9,F9>V9),F9-C9,0)*24+IF(AND(C9>=U9,C9<=V9,F9>VALUE("00:00"),F9<U9),VALUE("24:00")-V9+F9,0)*24+IF(AND(C9>V9,F9<C9,F9<U9,F9>=VALUE("00:00")),VALUE("24:00")-C9+F9,0)*24 -> 0 | M9: =IF(F9<>"",1,0) -> 0 | P9: =K9+L9 -> 0 | S9: =CONCATENATE(REPT("0",2-LEN(A9)),A9) -> 00 | T9: =CONCATENATE(REPT("0",2-LEN(B9)),B9) -> 00 | U9: =IFERROR(VLOOKUP(Y9,Parametros!$A$10:$G$13,4,0),0) -> 0.375 | V9: =IFERROR(VLOOKUP(Y9,Parametros!$A$10:$G$13,5,0),0) -> 0.95833333 | W9: =IFERROR(VLOOKUP(Y9,Parametros!$A$10:$G$13,6,0),0) -> 0.95902778 | X9: =IFERROR(VLOOKUP(Y9,Parametros!$A$10:$G$13,7,0),0) -> 0.37430556 | Y9: =IF(AND(VALUE(CONCATENATE(T9,S9))>=Parametros!$B$11,VALUE(CONCATENATE(T9,S9))<=Parametros!$C$11),Parametros!$A$11,IF(AND(VALUE(CONCATENATE(T9,S9))>=Parametros!$B$12,VALUE(CONCATENATE(T9,S9))<=Parametros!$C$12),Parametros!$A$12,IF(AND(VALUE(CONCATENATE(T9,S9))>=Parametros!$B$13,VALUE(CONCATENATE(T9,S9))<=Parametros!$C$13),Parametros!$A$13,Parametros!$A$10))) -> Verano
H10: =IF(AND(A10<>"",B10<>""),"B-738","") | K10: =IF(AND(C10<U10,F10>U10,F10<=V10,C10<F10),F10-U10,0)*24+IF(AND(C10>=U10,F10<=V10,C10<F10),F10-C10,0)*24+ IF(AND(C10>=U10,C10<=V10,C10<F10,F10>V10,F10<VALUE("24:00")),V10-C10,0)*24+IF(AND(C10>=U10,C10<=V10,F10>=VALUE("00:00"),F10<U10),V10-C10,0)*24 -> 0 | L10: =IF(AND((C10)<V10,(F10)<U10,C10<=F10),(F10)-(C10),0)*24+IF(AND(C10<U10,F10>U10,F10<=V10,C10<F10),U10-C10,0)*24+IF(AND(C10>=U10,C10<=V10,C10<F10,F10>V10,F10<VALUE("24:00")),F10-V10,0)*24+IF(AND(C10<F10,"24:00">F10,C10>V10,F10>V10),F10-C10,0)*24+IF(AND(C10>=U10,C10<=V10,F10>VALUE("00:00"),F10<U10),VALUE("24:00")-V10+F10,0)*24+IF(AND(C10>V10,F10<C10,F10<U10,F10>=VALUE("00:00")),VALUE("24:00")-C10+F10,0)*24 -> 0 | M10: =IF(F10<>"",1,0) -> 0 | P10: =K10+L10 -> 0 | S10: =CONCATENATE(REPT("0",2-LEN(A10)),A10) -> 00 | T10: =CONCATENATE(REPT("0",2-LEN(B10)),B10) -> 00 | U10: =IFERROR(VLOOKUP(Y10,Parametros!$A$10:$G$13,4,0),0) -> 0.375 | V10: =IFERROR(VLOOKUP(Y10,Parametros!$A$10:$G$13,5,0),0) -> 0.95833333 | W10: =IFERROR(VLOOKUP(Y10,Parametros!$A$10:$G$13,6,0),0) -> 0.95902778 | X10: =IFERROR(VLOOKUP(Y10,Parametros!$A$10:$G$13,7,0),0) -> 0.37430556 | Y10: =IF(AND(VALUE(CONCATENATE(T10,S10))>=Parametros!$B$11,VALUE(CONCATENATE(T10,S10))<=Parametros!$C$11),Parametros!$A$11,IF(AND(VALUE(CONCATENATE(T10,S10))>=Parametros!$B$12,VALUE(CONCATENATE(T10,S10))<=Parametros!$C$12),Parametros!$A$12,IF(AND(VALUE(CONCATENATE(T10,S10))>=Parametros!$B$13,VALUE(CONCATENATE(T10,S10))<=Parametros!$C$13),Parametros!$A$13,Parametros!$A$10))) -> Verano
H11: =IF(AND(A11<>"",B11<>""),"B-738","") | K11: =IF(AND(C11<U11,F11>U11,F11<=V11,C11<F11),F11-U11,0)*24+IF(AND(C11>=U11,F11<=V11,C11<F11),F11-C11,0)*24+ IF(AND(C11>=U11,C11<=V11,C11<F11,F11>V11,F11<VALUE("24:00")),V11-C11,0)*24+IF(AND(C11>=U11,C11<=V11,F11>=VALUE("00:00"),F11<U11),V11-C11,0)*24 -> 0 | L11: =IF(AND((C11)<V11,(F11)<U11,C11<=F11),(F11)-(C11),0)*24+IF(AND(C11<U11,F11>U11,F11<=V11,C11<F11),U11-C11,0)*24+IF(AND(C11>=U11,C11<=V11,C11<F11,F11>V11,F11<VALUE("24:00")),F11-V11,0)*24+IF(AND(C11<F11,"24:00">F11,C11>V11,F11>V11),F11-C11,0)*24+IF(AND(C11>=U11,C11<=V11,F11>VALUE("00:00"),F11<U11),VALUE("24:00")-V11+F11,0)*24+IF(AND(C11>V11,F11<C11,F11<U11,F11>=VALUE("00:00")),VALUE("24:00")-C11+F11,0)*24 -> 0 | M11: =IF(F11<>"",1,0) -> 0 | P11: =K11+L11 -> 0 | S11: =CONCATENATE(REPT("0",2-LEN(A11)),A11) -> 00 | T11: =CONCATENATE(REPT("0",2-LEN(B11)),B11) -> 00 | U11: =IFERROR(VLOOKUP(Y11,Parametros!$A$10:$G$13,4,0),0) -> 0.375 | V11: =IFERROR(VLOOKUP(Y11,Parametros!$A$10:$G$13,5,0),0) -> 0.95833333 | W11: =IFERROR(VLOOKUP(Y11,Parametros!$A$10:$G$13,6,0),0) -> 0.95902778 | X11: =IFERROR(VLOOKUP(Y11,Parametros!$A$10:$G$13,7,0),0) -> 0.37430556 | Y11: =IF(AND(VALUE(CONCATENATE(T11,S11))>=Parametros!$B$11,VALUE(CONCATENATE(T11,S11))<=Parametros!$C$11),Parametros!$A$11,IF(AND(VALUE(CONCATENATE(T11,S11))>=Parametros!$B$12,VALUE(CONCATENATE(T11,S11))<=Parametros!$C$12),Parametros!$A$12,IF(AND(VALUE(CONCATENATE(T11,S11))>=Parametros!$B$13,VALUE(CONCATENATE(T11,S11))<=Parametros!$C$13),Parametros!$A$13,Parametros!$A$10))) -> Verano
H12: =IF(AND(A12<>"",B12<>""),"B-738","") | K12: =IF(AND(C12<U12,F12>U12,F12<=V12,C12<F12),F12-U12,0)*24+IF(AND(C12>=U12,F12<=V12,C12<F12),F12-C12,0)*24+ IF(AND(C12>=U12,C12<=V12,C12<F12,F12>V12,F12<VALUE("24:00")),V12-C12,0)*24+IF(AND(C12>=U12,C12<=V12,F12>=VALUE("00:00"),F12<U12),V12-C12,0)*24 -> 0 | L12: =IF(AND((C12)<V12,(F12)<U12,C12<=F12),(F12)-(C12),0)*24+IF(AND(C12<U12,F12>U12,F12<=V12,C12<F12),U12-C12,0)*24+IF(AND(C12>=U12,C12<=V12,C12<F12,F12>V12,F12<VALUE("24:00")),F12-V12,0)*24+IF(AND(C12<F12,"24:00">F12,C12>V12,F12>V12),F12-C12,0)*24+IF(AND(C12>=U12,C12<=V12,F12>VALUE("00:00"),F12<U12),VALUE("24:00")-V12+F12,0)*24+IF(AND(C12>V12,F12<C12,F12<U12,F12>=VALUE("00:00")),VALUE("24:00")-C12+F12,0)*24 -> 0 | M12: =IF(F12<>"",1,0) -> 0 | P12: =K12+L12 -> 0 | S12: =CONCATENATE(REPT("0",2-LEN(A12)),A12) -> 00 | T12: =CONCATENATE(REPT("0",2-LEN(B12)),B12) -> 00 | U12: =IFERROR(VLOOKUP(Y12,Parametros!$A$10:$G$13,4,0),0) -> 0.375 | V12: =IFERROR(VLOOKUP(Y12,Parametros!$A$10:$G$13,5,0),0) -> 0.95833333 | W12: =IFERROR(VLOOKUP(Y12,Parametros!$A$10:$G$13,6,0),0) -> 0.95902778 | X12: =IFERROR(VLOOKUP(Y12,Parametros!$A$10:$G$13,7,0),0) -> 0.37430556 | Y12: =IF(AND(VALUE(CONCATENATE(T12,S12))>=Parametros!$B$11,VALUE(CONCATENATE(T12,S12))<=Parametros!$C$11),Parametros!$A$11,IF(AND(VALUE(CONCATENATE(T12,S12))>=Parametros!$B$12,VALUE(CONCATENATE(T12,S12))<=Parametros!$C$12),Parametros!$A$12,IF(AND(VALUE(CONCATENATE(T12,S12))>=Parametros!$B$13,VALUE(CONCATENATE(T12,S12))<=Parametros!$C$13),Parametros!$A$13,Parametros!$A$10))) -> Verano
H13: =IF(AND(A13<>"",B13<>""),"B-738","") | K13: =IF(AND(C13<U13,F13>U13,F13<=V13,C13<F13),F13-U13,0)*24+IF(AND(C13>=U13,F13<=V13,C13<F13),F13-C13,0)*24+ IF(AND(C13>=U13,C13<=V13,C13<F13,F13>V13,F13<VALUE("24:00")),V13-C13,0)*24+IF(AND(C13>=U13,C13<=V13,F13>=VALUE("00:00"),F13<U13),V13-C13,0)*24 -> 0 | L13: =IF(AND((C13)<V13,(F13)<U13,C13<=F13),(F13)-(C13),0)*24+IF(AND(C13<U13,F13>U13,F13<=V13,C13<F13),U13-C13,0)*24+IF(AND(C13>=U13,C13<=V13,C13<F13,F13>V13,F13<VALUE("24:00")),F13-V13,0)*24+IF(AND(C13<F13,"24:00">F13,C13>V13,F13>V13),F13-C13,0)*24+IF(AND(C13>=U13,C13<=V13,F13>VALUE("00:00"),F13<U13),VALUE("24:00")-V13+F13,0)*24+IF(AND(C13>V13,F13<C13,F13<U13,F13>=VALUE("00:00")),VALUE("24:00")-C13+F13,0)*24 -> 0 | M13: =IF(F13<>"",1,0) -> 0 | P13: =K13+L13 -> 0 | S13: =CONCATENATE(REPT("0",2-LEN(A13)),A13) -> 00 | T13: =CONCATENATE(REPT("0",2-LEN(B13)),B13) -> 00 | U13: =IFERROR(VLOOKUP(Y13,Parametros!$A$10:$G$13,4,0),0) -> 0.375 | V13: =IFERROR(VLOOKUP(Y13,Parametros!$A$10:$G$13,5,0),0) -> 0.95833333 | W13: =IFERROR(VLOOKUP(Y13,Parametros!$A$10:$G$13,6,0),0) -> 0.95902778 | X13: =IFERROR(VLOOKUP(Y13,Parametros!$A$10:$G$13,7,0),0) -> 0.37430556 | Y13: =IF(AND(VALUE(CONCATENATE(T13,S13))>=Parametros!$B$11,VALUE(CONCATENATE(T13,S13))<=Parametros!$C$11),Parametros!$A$11,IF(AND(VALUE(CONCATENATE(T13,S13))>=Parametros!$B$12,VALUE(CONCATENATE(T13,S13))<=Parametros!$C$12),Parametros!$A$12,IF(AND(VALUE(CONCATENATE(T13,S13))>=Parametros!$B$13,VALUE(CONCATENATE(T13,S13))<=Parametros!$C$13),Parametros!$A$13,Parametros!$A$10))) -> Verano
H14: =IF(AND(A14<>"",B14<>""),"B-738","") | K14: =IF(AND(C14<U14,F14>U14,F14<=V14,C14<F14),F14-U14,0)*24+IF(AND(C14>=U14,F14<=V14,C14<F14),F14-C14,0)*24+ IF(AND(C14>=U14,C14<=V14,C14<F14,F14>V14,F14<VALUE("24:00")),V14-C14,0)*24+IF(AND(C14>=U14,C14<=V14,F14>=VALUE("00:00"),F14<U14),V14-C14,0)*24 -> 0 | L14: =IF(AND((C14)<V14,(F14)<U14,C14<=F14),(F14)-(C14),0)*24+IF(AND(C14<U14,F14>U14,F14<=V14,C14<F14),U14-C14,0)*24+IF(AND(C14>=U14,C14<=V14,C14<F14,F14>V14,F14<VALUE("24:00")),F14-V14,0)*24+IF(AND(C14<F14,"24:00">F14,C14>V14,F14>V14),F14-C14,0)*24+IF(AND(C14>=U14,C14<=V14,F14>VALUE("00:00"),F14<U14),VALUE("24:00")-V14+F14,0)*24+IF(AND(C14>V14,F14<C14,F14<U14,F14>=VALUE("00:00")),VALUE("24:00")-C14+F14,0)*24 -> 0 | M14: =IF(F14<>"",1,0) -> 0 | P14: =K14+L14 -> 0 | S14: =CONCATENATE(REPT("0",2-LEN(A14)),A14) -> 00 | T14: =CONCATENATE(REPT("0",2-LEN(B14)),B14) -> 00 | U14: =IFERROR(VLOOKUP(Y14,Parametros!$A$10:$G$13,4,0),0) -> 0.375 | V14: =IFERROR(VLOOKUP(Y14,Parametros!$A$10:$G$13,5,0),0) -> 0.95833333 | W14: =IFERROR(VLOOKUP(Y14,Parametros!$A$10:$G$13,6,0),0) -> 0.95902778 | X14: =IFERROR(VLOOKUP(Y14,Parametros!$A$10:$G$13,7,0),0) -> 0.37430556 | Y14: =IF(AND(VALUE(CONCATENATE(T14,S14))>=Parametros!$B$11,VALUE(CONCATENATE(T14,S14))<=Parametros!$C$11),Parametros!$A$11,IF(AND(VALUE(CONCATENATE(T14,S14))>=Parametros!$B$12,VALUE(CONCATENATE(T14,S14))<=Parametros!$C$12),Parametros!$A$12,IF(AND(VALUE(CONCATENATE(T14,S14))>=Parametros!$B$13,VALUE(CONCATENATE(T14,S14))<=Parametros!$C$13),Parametros!$A$13,Parametros!$A$10))) -> Verano
H15: =IF(AND(A15<>"",B15<>""),"B-738","") | K15: =IF(AND(C15<U15,F15>U15,F15<=V15,C15<F15),F15-U15,0)*24+IF(AND(C15>=U15,F15<=V15,C15<F15),F15-C15,0)*24+ IF(AND(C15>=U15,C15<=V15,C15<F15,F15>V15,F15<VALUE("24:00")),V15-C15,0)*24+IF(AND(C15>=U15,C15<=V15,F15>=VALUE("00:00"),F15<U15),V15-C15,0)*24 -> 0 | L15: =IF(AND((C15)<V15,(F15)<U15,C15<=F15),(F15)-(C15),0)*24+IF(AND(C15<U15,F15>U15,F15<=V15,C15<F15),U15-C15,0)*24+IF(AND(C15>=U15,C15<=V15,C15<F15,F15>V15,F15<VALUE("24:00")),F15-V15,0)*24+IF(AND(C15<F15,"24:00">F15,C15>V15,F15>V15),F15-C15,0)*24+IF(AND(C15>=U15,C15<=V15,F15>VALUE("00:00"),F15<U15),VALUE("24:00")-V15+F15,0)*24+IF(AND(C15>V15,F15<C15,F15<U15,F15>=VALUE("00:00")),VALUE("24:00")-C15+F15,0)*24 -> 0 | M15: =IF(F15<>"",1,0) -> 0 | P15: =K15+L15 -> 0 | S15: =CONCATENATE(REPT("0",2-LEN(A15)),A15) -> 00 | T15: =CONCATENATE(REPT("0",2-LEN(B15)),B15) -> 00 | U15: =IFERROR(VLOOKUP(Y15,Parametros!$A$10:$G$13,4,0),0) -> 0.375 | V15: =IFERROR(VLOOKUP(Y15,Parametros!$A$10:$G$13,5,0),0) -> 0.95833333 | W15: =IFERROR(VLOOKUP(Y15,Parametros!$A$10:$G$13,6,0),0) -> 0.95902778 | X15: =IFERROR(VLOOKUP(Y15,Parametros!$A$10:$G$13,7,0),0) -> 0.37430556 | Y15: =IF(AND(VALUE(CONCATENATE(T15,S15))>=Parametros!$B$11,VALUE(CONCATENATE(T15,S15))<=Parametros!$C$11),Parametros!$A$11,IF(AND(VALUE(CONCATENATE(T15,S15))>=Parametros!$B$12,VALUE(CONCATENATE(T15,S15))<=Parametros!$C$12),Parametros!$A$12,IF(AND(VALUE(CONCATENATE(T15,S15))>=Parametros!$B$13,VALUE(CONCATENATE(T15,S15))<=Parametros!$C$13),Parametros!$A$13,Parametros!$A$10))) -> Verano
H16: =IF(AND(A16<>"",B16<>""),"B-738","") | K16: =IF(AND(C16<U16,F16>U16,F16<=V16,C16<F16),F16-U16,0)*24+IF(AND(C16>=U16,F16<=V16,C16<F16),F16-C16,0)*24+ IF(AND(C16>=U16,C16<=V16,C16<F16,F16>V16,F16<VALUE("24:00")),V16-C16,0)*24+IF(AND(C16>=U16,C16<=V16,F16>=VALUE("00:00"),F16<U16),V16-C16,0)*24 -> 0 | L16: =IF(AND((C16)<V16,(F16)<U16,C16<=F16),(F16)-(C16),0)*24+IF(AND(C16<U16,F16>U16,F16<=V16,C16<F16),U16-C16,0)*24+IF(AND(C16>=U16,C16<=V16,C16<F16,F16>V16,F16<VALUE("24:00")),F16-V16,0)*24+IF(AND(C16<F16,"24:00">F16,C16>V16,F16>V16),F16-C16,0)*24+IF(AND(C16>=U16,C16<=V16,F16>VALUE("00:00"),F16<U16),VALUE("24:00")-V16+F16,0)*24+IF(AND(C16>V16,F16<C16,F16<U16,F16>=VALUE("00:00")),VALUE("24:00")-C16+F16,0)*24 -> 0 | M16: =IF(F16<>"",1,0) -> 0 | P16: =K16+L16 -> 0 | S16: =CONCATENATE(REPT("0",2-LEN(A16)),A16) -> 00 | T16: =CONCATENATE(REPT("0",2-LEN(B16)),B16) -> 00 | U16: =IFERROR(VLOOKUP(Y16,Parametros!$A$10:$G$13,4,0),0) -> 0.375 | V16: =IFERROR(VLOOKUP(Y16,Parametros!$A$10:$G$13,5,0),0) -> 0.95833333 | W16: =IFERROR(VLOOKUP(Y16,Parametros!$A$10:$G$13,6,0),0) -> 0.95902778 | X16: =IFERROR(VLOOKUP(Y16,Parametros!$A$10:$G$13,7,0),0) -> 0.37430556 | Y16: =IF(AND(VALUE(CONCATENATE(T16,S16))>=Parametros!$B$11,VALUE(CONCATENATE(T16,S16))<=Parametros!$C$11),Parametros!$A$11,IF(AND(VALUE(CONCATENATE(T16,S16))>=Parametros!$B$12,VALUE(CONCATENATE(T16,S16))<=Parametros!$C$12),Parametros!$A$12,IF(AND(VALUE(CONCATENATE(T16,S16))>=Parametros!$B$13,VALUE(CONCATENATE(T16,S16))<=Parametros!$C$13),Parametros!$A$13,Parametros!$A$10))) -> Verano
H17: =IF(AND(A17<>"",B17<>""),"B-738","") | K17: =IF(AND(C17<U17,F17>U17,F17<=V17,C17<F17),F17-U17,0)*24+IF(AND(C17>=U17,F17<=V17,C17<F17),F17-C17,0)*24+ IF(AND(C17>=U17,C17<=V17,C17<F17,F17>V17,F17<VALUE("24:00")),V17-C17,0)*24+IF(AND(C17>=U17,C17<=V17,F17>=VALUE("00:00"),F17<U17),V17-C17,0)*24 -> 0 | L17: =IF(AND((C17)<V17,(F17)<U17,C17<=F17),(F17)-(C17),0)*24+IF(AND(C17<U17,F17>U17,F17<=V17,C17<F17),U17-C17,0)*24+IF(AND(C17>=U17,C17<=V17,C17<F17,F17>V17,F17<VALUE("24:00")),F17-V17,0)*24+IF(AND(C17<F17,"24:00">F17,C17>V17,F17>V17),F17-C17,0)*24+IF(AND(C17>=U17,C17<=V17,F17>VALUE("00:00"),F17<U17),VALUE("24:00")-V17+F17,0)*24+IF(AND(C17>V17,F17<C17,F17<U17,F17>=VALUE("00:00")),VALUE("24:00")-C17+F17,0)*24 -> 0 | M17: =IF(F17<>"",1,0) -> 0 | P17: =K17+L17 -> 0 | S17: =CONCATENATE(REPT("0",2-LEN(A17)),A17) -> 00 | T17: =CONCATENATE(REPT("0",2-LEN(B17)),B17) -> 00 | U17: =IFERROR(VLOOKUP(Y17,Parametros!$A$10:$G$13,4,0),0) -> 0.375 | V17: =IFERROR(VLOOKUP(Y17,Parametros!$A$10:$G$13,5,0),0) -> 0.95833333 | W17: =IFERROR(VLOOKUP(Y17,Parametros!$A$10:$G$13,6,0),0) -> 0.95902778 | X17: =IFERROR(VLOOKUP(Y17,Parametros!$A$10:$G$13,7,0),0) -> 0.37430556 | Y17: =IF(AND(VALUE(CONCATENATE(T17,S17))>=Parametros!$B$11,VALUE(CONCATENATE(T17,S17))<=Parametros!$C$11),Parametros!$A$11,IF(AND(VALUE(CONCATENATE(T17,S17))>=Parametros!$B$12,VALUE(CONCATENATE(T17,S17))<=Parametros!$C$12),Parametros!$A$12,IF(AND(VALUE(CONCATENATE(T17,S17))>=Parametros!$B$13,VALUE(CONCATENATE(T17,S17))<=Parametros!$C$13),Parametros!$A$13,Parametros!$A$10))) -> Verano
H18: =IF(AND(A18<>"",B18<>""),"B-738","") | K18: =IF(AND(C18<U18,F18>U18,F18<=V18,C18<F18),F18-U18,0)*24+IF(AND(C18>=U18,F18<=V18,C18<F18),F18-C18,0)*24+ IF(AND(C18>=U18,C18<=V18,C18<F18,F18>V18,F18<VALUE("24:00")),V18-C18,0)*24+IF(AND(C18>=U18,C18<=V18,F18>=VALUE("00:00"),F18<U18),V18-C18,0)*24 -> 0 | L18: =IF(AND((C18)<V18,(F18)<U18,C18<=F18),(F18)-(C18),0)*24+IF(AND(C18<U18,F18>U18,F18<=V18,C18<F18),U18-C18,0)*24+IF(AND(C18>=U18,C18<=V18,C18<F18,F18>V18,F18<VALUE("24:00")),F18-V18,0)*24+IF(AND(C18<F18,"24:00">F18,C18>V18,F18>V18),F18-C18,0)*24+IF(AND(C18>=U18,C18<=V18,F18>VALUE("00:00"),F18<U18),VALUE("24:00")-V18+F18,0)*24+IF(AND(C18>V18,F18<C18,F18<U18,F18>=VALUE("00:00")),VALUE("24:00")-C18+F18,0)*24 -> 0 | M18: =IF(F18<>"",1,0) -> 0 | P18: =K18+L18 -> 0 | S18: =CONCATENATE(REPT("0",2-LEN(A18)),A18) -> 00 | T18: =CONCATENATE(REPT("0",2-LEN(B18)),B18) -> 00 | U18: =IFERROR(VLOOKUP(Y18,Parametros!$A$10:$G$13,4,0),0) -> 0.375 | V18: =IFERROR(VLOOKUP(Y18,Parametros!$A$10:$G$13,5,0),0) -> 0.95833333 | W18: =IFERROR(VLOOKUP(Y18,Parametros!$A$10:$G$13,6,0),0) -> 0.95902778 | X18: =IFERROR(VLOOKUP(Y18,Parametros!$A$10:$G$13,7,0),0) -> 0.37430556 | Y18: =IF(AND(VALUE(CONCATENATE(T18,S18))>=Parametros!$B$11,VALUE(CONCATENATE(T18,S18))<=Parametros!$C$11),Parametros!$A$11,IF(AND(VALUE(CONCATENATE(T18,S18))>=Parametros!$B$12,VALUE(CONCATENATE(T18,S18))<=Parametros!$C$12),Parametros!$A$12,IF(AND(VALUE(CONCATENATE(T18,S18))>=Parametros!$B$13,VALUE(CONCATENATE(T18,S18))<=Parametros!$C$13),Parametros!$A$13,Parametros!$A$10))) -> Verano
... H21: =IF(AND(A21<>"",B21<>""),"B-738","") | K21: =IF(AND(C21<U21,F21>U21,F21<=V21,C21<F21),F21-U21,0)*24+IF(AND(C21>=U21,F21<=V21,C21<F21),F21-C21,0)*24+ IF(AND(C21>=U21,C21<=V21,C21<F21,F21>V21,F21<VALUE("24:00")),V21-C21,0)*24+IF(AND(C21>=U21,C21<=V21,F21>=VALUE("00:00"),F21<U21),V21-C21,0)*24 -> 0 | L21: =IF(AND((C21)<V21,(F21)<U21,C21<=F21),(F21)-(C21),0)*24+IF(AND(C21<U21,F21>U21,F21<=V21,C21<F21),U21-C21,0)*24+IF(AND(C21>=U21,C21<=V21,C21<F21,F21>V21,F21<VALUE("24:00")),F21-V21,0)*24+IF(AND(C21<F21,"24:00">F21,C21>V21,F21>V21),F21-C21,0)*24+IF(AND(C21>=U21,C21<=V21,F21>VALUE("00:00"),F21<U21),VALUE("24:00")-V21+F21,0)*24+IF(AND(C21>V21,F21<C21,F21<U21,F21>=VALUE("00:00")),VALUE("24:00")-C21+F21,0)*24 -> 0 | M21: =IF(F21<>"",1,0) -> 0 | P21: =K21+L21 -> 0 | S21: =CONCATENATE(REPT("0",2-LEN(A21)),A21) -> 00 | T21: =CONCATENATE(REPT("0",2-LEN(B21)),B21) -> 00 | U21: =IFERROR(VLOOKUP(Y21,Parametros!$A$10:$G$13,4,0),0) -> 0.375 | V21: =IFERROR(VLOOKUP(Y21,Parametros!$A$10:$G$13,5,0),0) -> 0.95833333 | W21: =IFERROR(VLOOKUP(Y21,Parametros!$A$10:$G$13,6,0),0) -> 0.95902778 | X21: =IFERROR(VLOOKUP(Y21,Parametros!$A$10:$G$13,7,0),0) -> 0.37430556 | Y21: =IF(AND(VALUE(CONCATENATE(T21,S21))>=Parametros!$B$11,VALUE(CONCATENATE(T21,S21))<=Parametros!$C$11),Parametros!$A$11,IF(AND(VALUE(CONCATENATE(T21,S21))>=Parametros!$B$12,VALUE(CONCATENATE(T21,S21))<=Parametros!$C$12),Parametros!$A$12,IF(AND(VALUE(CONCATENATE(T21,S21))>=Parametros!$B$13,VALUE(CONCATENATE(T21,S21))<=Parametros!$C$13),Parametros!$A$13,Parametros!$A$10))) -> Verano
A22: TOTAL HORAS DE VUELO A LA PÁGINA SIGUIENTE | K22: =SUM(K6:K21) -> 0 | L22: =SUM(L6:L21) -> 1.5 | M22: =SUM(M6:M21) -> 1 | P22: =SUM(K22:L23) -> 1.5 | Q22: Total horas de vuelo a la página siguiente
C24: APROBADO POR DISPOSICIÓN 278/03 DHA
J25: ...........................................................................
J26: FIRMA DEL TITULAR

Sheet Hoja5
B1: APELLIDO Y NOMBRE: | E1: =Parametros!B1 -> Cargar Apellido | I1: CERTIFICADO DE COMPETENCIA: | M1: TCP | O1: LEGAJO: | P1: =Parametros!B2 -> ingrese legajo
A2: AÑO | C2: ITINERARIO | G2: FINALIDAD DEL VUELO | H2: AERONAVES UTILIZADAS | K2: TIEMPOS DE VUELO | M2: ATERRIZAJES | N2: DISCRIMINACIÓN DE TIEMPOS DE VUELO | P2: CERTIFICACIONES
C3: HORA DE SALIDA | D3: DESDE - HASTA | F3: HORA DE LLEGADA | H3: MARCA | I3: MATRÍCULA | J3: FOLIO RVA | K3: DE DÍA | L3: NOCHE
A4: =Hoja4!A4 -> 2024 | N4: INSTRUCTOR | O4: TIPO DE
A5: DÍA | B5: MES | N5: DE TCP | O5: AERONAVE | U5: Diurnos | W5: Nocturnos
H6: TOTALES PÁGINA ANTERIOR | K6: =Hoja4!K22 -> 0 | L6: =Hoja4!L22 -> 1.5 | M6: =Hoja4!M22 -> 1 | P6: =Hoja4!P22 -> 1.5 | Q6: Total horas de vuelo de la página anterior | S6: Dia | T6: Mes | U6: Desde | V6: Hasta | W6: Desde | X6: Hasta | Y6: Estacion
H7: =IF(AND(A7<>"",B7<>""),"B-738","") | K7: =IF(AND(C7<U7,F7>U7,F7<=V7,C7<F7),F7-U7,0)*24+IF(AND(C7>=U7,F7<=V7,C7<F7),F7-C7,0)*24+ IF(AND(C7>=U7,C7<=V7,C7<F7,F7>V7,F7<VALUE("24:00")),V7-C7,0)*24+IF(AND(C7>=U7,C7<=V7,F7>=VALUE("00:00"),F7<U7),V7-C7,0)*24 -> 0 | L7: =IF(AND((C7)<V7,(F7)<U7,C7<=F7),(F7)-(C7),0)*24+IF(AND(C7<U7,F7>U7,F7<=V7,C7<F7),U7-C7,0)*24+IF(AND(C7>=U7,C7<=V7,C7<F7,F7>V7,F7<VALUE("24:00")),F7-V7,0)*24+IF(AND(C7<F7,"24:00">F7,C7>V7,F7>V7),F7-C7,0)*24+IF(AND(C7>=U7,C7<=V7,F7>VALUE("00:00"),F7<U7),VALUE("24:00")-V7+F7,0)*24+IF(AND(C7>V7,F7<C7,F7<U7,F7>=VALUE("00:00")),VALUE("24:00")-C7+F7,0)*24 -> 0 | M7: =IF(F7<>"",1,0) -> 0 | P7: =K7+L7 -> 0 | S7: =CONCATENATE(REPT("0",2-LEN(A7)),A7) -> 00 | T7: =CONCATENATE(REPT("0",2-LEN(B7)),B7) -> 00 | U7: =IFERROR(VLOOKUP(Y7,Parametros!$A$10:$G$13,4,0),0) -> 0.375 | V7: =IFERROR(VLOOKUP(Y7,Parametros!$A$10:$G$13,5,0),0) -> 0.95833333 | W7: =IFERROR(VLOOKUP(Y7,Parametros!$A$10:$G$13,6,0),0) -> 0.95902778 | X7: =IFERROR(VLOOKUP(Y7,Parametros!$A$10:$G$13,7,0),0) -> 0.37430556 | Y7: =IF(AND(VALUE(CONCATENATE(T7,S7))>=Parametros!$B$11,VALUE(CONCATENATE(T7,S7))<=Parametros!$C$11),Parametros!$A$11,IF(AND(VALUE(CONCATENATE(T7,S7))>=Parametros!$B$12,VALUE(CONCATENATE(T7,S7))<=Parametros!$C$12),Parametros!$A$12,IF(AND(VALUE(CONCATENATE(T7,S7))>=Parametros!$B$13,VALUE(CONCATENATE(T7,S7))<=Parametros!$C$13),Parametros!$A$13,Parametros!$A$10))) -> Verano
H8: =IF(AND(A8<>"",B8<>""),"B-738","") | K8: =IF(AND(C8<U8,F8>U8,F8<=V8,C8<F8),F8-U8,0)*24+IF(AND(C8>=U8,F8<=V8,C8<F8),F8-C8,0)*24+ IF(AND(C8>=U8,C8<=V8,C8<F8,F8>V8,F8<VALUE("24:00")),V8-C8,0)*24+IF(AND(C8>=U8,C8<=V8,F8>=VALUE("00:00"),F8<U8),V8-C8,0)*24 -> 0 | L8: =IF(AND((C8)<V8,(F8)<U8,C8<=F8),(F8)-(C8),0)*24+IF(AND(C8<U8,F8>U8,F8<=V8,C8<F8),U8-C8,0)*24+IF(AND(C8>=U8,C8<=V8,C8<F8,F8>V8,F8<VALUE("24:00")),F8-V8,0)*24+IF(AND(C8<F8,"24:00">F8,C8>V8,F8>V8),F8-C8,0)*24+IF(AND(C8>=U8,C8<=V8,F8>VALUE("00:00"),F8<U8),VALUE("24:00")-V8+F8,0)*24+IF(AND(C8>V8,F8<C8,F8<U8,F8>=VALUE("00:00")),VALUE("24:00")-C8+F8,0)*24 -> 0 | M8: =IF(F8<>"",1,0) -> 0 | P8: =K8+L8 -> 0 | S8: =CONCATENATE(REPT("0",2-LEN(A8)),A8) -> 00 | T8: =CONCATENATE(REPT("0",2-LEN(B8)),B8) -> 00 | U8: =IFERROR(VLOOKUP(Y8,Parametros!$A$10:$G$13,4,0),0) -> 0.375 | V8: =IFERROR(VLOOKUP(Y8,Parametros!$A$10:$G$13,5,0),0) -> 0.95833333 | W8: =IFERROR(VLOOKUP(Y8,Parametros!$A$10:$G$13,6,0),0) -> 0.95902778 | X8: =IFERROR(VLOOKUP(Y8,Parametros!$A$10:$G$13,7,0),0) -> 0.37430556 | Y8: =IF(AND(VALUE(CONCATENATE(T8,S8))>=Parametros!$B$11,VALUE(CONCATENATE(T8,S8))<=Parametros!$C$11),Parametros!$A$11,IF(AND(VALUE(CONCATENATE(T8,S8))>=Parametros!$B$12,VALUE(CONCATENATE(T8,S8))<=Parametros!$C$12),Parametros!$A$12,IF(AND(VALUE(CONCATENATE(T8,S8))>=Parametros!$B$13,VALUE(CONCATENATE(T8,S8))<=Parametros!$C$13),Parametros!$A$13,Parametros!$A$10))) -> Verano
H9: =IF(AND(A9<>"",B9<>""),"B-738","") | K9: =IF(AND(C9<U9,F9>U9,F9<=V9,C9<F9),F9-U9,0)*24+IF(AND(C9>=U9,F9<=V9,C9<F9),F9-C9,0)*24+ IF(AND(C9>=U9,C9<=V9,C9<F9,F9>V9,F9<VALUE("24:00")),V9-C9,0)*24+IF(AND(C9>=U9,C9<=V9,F9>=VALUE("00:00"),F9<U9),V9-C9,0)*24 -> 0 | L9: =IF(AND((C9)<V9,(F9)<U9,C9<=F9),(F9)-(C9),0)*24+IF(AND(C9<U9,F9>U9,F9<=V9,C9<F9),U9-C9,0)*24+IF(AND(C9>=U9,C9<=V9,C9<F9,F9>V9,F9<VALUE("24:00")),F9-V9,0)*24+IF(AND(C9<F9,"24:00">F9,C9>V9,F9>V9),F9-C9,0)*24+IF(AND(C9>=U9,C9<=V9,F9>VALUE("00:00"),F9<U9),VALUE("24:00")-V9+F9,0)*24+IF(AND(C9>V9,F9<C9,F9<U9,F9>=VALUE("00:00")),VALUE("24:00")-C9+F9,0)*24 -> 0 | M9: =IF(F9<>"",1,0) -> 0 | P9: =K9+L9 -> 0 | S9: =CONCATENATE(REPT("0",2-LEN(A9)),A9) -> 00 | T9: =CONCATENATE(REPT("0",2-LEN(B9)),B9) -> 00 | U9: =IFERROR(VLOOKUP(Y9,Parametros!$A$10:$G$13,4,0),0) -> 0.375 | V9: =IFERROR(VLOOKUP(Y9,Parametros!$A$10:$G$13,5,0),0) -> 0.95833333 | W9: =IFERROR(VLOOKUP(Y9,Parametros!$A$10:$G$13,6,0),0) -> 0.95902778 | X9: =IFERROR(VLOOKUP(Y9,Parametros!$A$10:$G$13,7,0),0) -> 0.37430556 | Y9: =IF(AND(VALUE(CONCATENATE(T9,S9))>=Parametros!$B$11,VALUE(CONCATENATE(T9,S9))<=Parametros!$C$11),Parametros!$A$11,IF(AND(VALUE(CONCATENATE(T9,S9))>=Parametros!$B$12,VALUE(CONCATENATE(T9,S9))<=Parametros!$C$12),Parametros!$A$12,IF(AND(VALUE(CONCATENATE(T9,S9))>=Parametros!$B$13,VALUE(CONCATENATE(T9,S9))<=Parametros!$C$13),Parametros!$A$13,Parametros!$A$10))) -> Verano
H10: =IF(AND(A10<>"",B10<>""),"B-738","") | K10: =IF(AND(C10<U10,F10>U10,F10<=V10,C10<F10),F10-U10,0)*24+IF(AND(C10>=U10,F10<=V10,C10<F10),F10-C10,0)*24+ IF(AND(C10>=U10,C10<=V10,C10<F10,F10>V10,F10<VALUE("24:00")),V10-C10,0)*24+IF(AND(C10>=U10,C10<=V10,F10>=VALUE("00:00"),F10<U10),V10-C10,0)*24 -> 0 | L10: =IF(AND((C10)<V10,(F10)<U10,C10<=F10),(F10)-(C10),0)*24+IF(AND(C10<U10,F10>U10,F10<=V10,C10<F10),U10-C10,0)*24+IF(AND(C10>=U10,C10<=V10,C10<F10,F10>V10,F10<VALUE("24:00")),F10-V10,0)*24+IF(AND(C10<F10,"24:00">F10,C10>V10,F10>V10),F10-C10,0)*24+IF(AND(C10>=U10,C10<=V10,F10>VALUE("00:00"),F10<U10),VALUE("24:00")-V10+F10,0)*24+IF(AND(C10>V10,F10<C10,F10<U10,F10>=VALUE("00:00")),VALUE("24:00")-C10+F10,0)*24 -> 0 | M10: =IF(F10<>"",1,0) -> 0 | P10: =K10+L10 -> 0 | S10: =CONCATENATE(REPT("0",2-LEN(A10)),A10) -> 00 | T10: =CONCATENATE(REPT("0",2-LEN(B10)),B10) -> 00 | U10: =IFERROR(VLOOKUP(Y10,Parametros!$A$10:$G$13,4,0),0) -> 0.375 | V10: =IFERROR(VLOOKUP(Y10,Parametros!$A$10:$G$13,5,0),0) -> 0.95833333 | W10: =IFERROR(VLOOKUP(Y10,Parametros!$A$10:$G$13,6,0),0) -> 0.95902778 | X10: =IFERROR(VLOOKUP(Y10,Parametros!$A$10:$G$13,7,0),0) -> 0.37430556 | Y10: =IF(AND(VALUE(CONCATENATE(T10,S10))>=Parametros!$B$11,VALUE(CONCATENATE(T10,S10))<=Parametros!$C$11),Parametros!$A$11,IF(AND(VALUE(CONCATENATE(T10,S10))>=Parametros!$B$12,VALUE(CONCATENATE(T10,S10))<=Parametros!$C$12),Parametros!$A$12,IF(AND(VALUE(CONCATENATE(T10,S10))>=Parametros!$B$13,VALUE(CONCATENATE(T10,S10))<=Parametros!$C$13),Parametros!$A$13,Parametros!$A$10))) -> Verano
H11: =IF(AND(A11<>"",B11<>""),"B-738","") | K11: =IF(AND(C11<U11,F11>U11,F11<=V11,C11<F11),F11-U11,0)*24+IF(AND(C11>=U11,F11<=V11,C11<F11),F11-C11,0)*24+ IF(AND(C11>=U11,C11<=V11,C11<F11,F11>V11,F11<VALUE("24:00")),V11-C11,0)*24+IF(AND(C11>=U11,C11<=V11,F11>=VALUE("00:00"),F11<U11),V11-C11,0)*24 -> 0 | L11: =IF(AND((C11)<V11,(F11)<U11,C11<=F11),(F11)-(C11),0)*24+IF(AND(C11<U11,F11>U11,F11<=V11,C11<F11),U11-C11,0)*24+IF(AND(C11>=U11,C11<=V11,C11<F11,F11>V11,F11<VALUE("24:00")),F11-V11,0)*24+IF(AND(C11<F11,"24:00">F11,C11>V11,F11>V11),F11-C11,0)*24+IF(AND(C11>=U11,C11<=V11,F11>VALUE("00:00"),F11<U11),VALUE("24:00")-V11+F11,0)*24+IF(AND(C11>V11,F11<C11,F11<U11,F11>=VALUE("00:00")),VALUE("24:00")-C11+F11,0)*24 -> 0 | M11: =IF(F11<>"",1,0) -> 0 | P11: =K11+L11 -> 0 | S11: =CONCATENATE(REPT("0",2-LEN(A11)),A11) -> 00 | T11: =CONCATENATE(REPT("0",2-LEN(B11)),B11) -> 00 | U11: =IFERROR(VLOOKUP(Y11,Parametros!$A$10:$G$13,4,0),0) -> 0.375 | V11: =IFERROR(VLOOKUP(Y11,Parametros!$A$10:$G$13,5,0),0) -> 0.95833333 | W11: =IFERROR(VLOOKUP(Y11,Parametros!$A$10:$G$13,6,0),0) -> 0.95902778 | X11: =IFERROR(VLOOKUP(Y11,Parametros!$A$10:$G$13,7,0),0) -> 0.37430556 | Y11: =IF(AND(VALUE(CONCATENATE(T11,S11))>=Parametros!$B$11,VALUE(CONCATENATE(T11,S11))<=Parametros!$C$11),Parametros!$A$11,IF(AND(VALUE(CONCATENATE(T11,S11))>=Parametros!$B$12,VALUE(CONCATENATE(T11,S11))<=Parametros!$C$12),Parametros!$A$12,IF(AND(VALUE(CONCATENATE(T11,S11))>=Parametros!$B$13,VALUE(CONCATENATE(T11,S11))<=Parametros!$C$13),Parametros!$A$13,Parametros!$A$10))) -> Verano
H12: =IF(AND(A12<>"",B12<>""),"B-738","") | K12: =IF(AND(C12<U12,F12>U12,F12<=V12,C12<F12),F12-U12,0)*24+IF(AND(C12>=U12,F12<=V12,C12<F12),F12-C12,0)*24+ IF(AND(C12>=U12,C12<=V12,C12<F12,F12>V12,F12<VALUE("24:00")),V12-C12,0)*24+IF(AND(C12>=U12,C12<=V12,F12>=VALUE("00:00"),F12<U12),V12-C12,0)*24 -> 0 | L12: =IF(AND((C12)<V12,(F12)<U12,C12<=F12),(F12)-(C12),0)*24+IF(AND(C12<U12,F12>U12,F12<=V12,C12<F12),U12-C12,0)*24+IF(AND(C12>=U12,C12<=V12,C12<F12,F12>V12,F12<VALUE("24:00")),F12-V12,0)*24+IF(AND(C12<F12,"24:00">F12,C12>V12,F12>V12),F12-C12,0)*24+IF(AND(C12>=U12,C12<=V12,F12>VALUE("00:00"),F12<U12),VALUE("24:00")-V12+F12,0)*24+IF(AND(C12>V12,F12<C12,F12<U12,F12>=VALUE("00:00")),VALUE("24:00")-C12+F12,0)*24 -> 0 | M12: =IF(F12<>"",1,0) -> 0 | P12: =K12+L12 -> 0 | S12: =CONCATENATE(REPT("0",2-LEN(A12)),A12) -> 00 | T12: =CONCATENATE(REPT("0",2-LEN(B12)),B12) -> 00 | U12: =IFERROR(VLOOKUP(Y12,Parametros!$A$10:$G$13,4,0),0) -> 0.375 | V12: =IFERROR(VLOOKUP(Y12,Parametros!$A$10:$G$13,5,0),0) -> 0.95833333 | W12: =IFERROR(VLOOKUP(Y12,Parametros!$A$10:$G$13,6,0),0) -> 0.95902778 | X12: =IFERROR(VLOOKUP(Y12,Parametros!$A$10:$G$13,7,0),0) -> 0.37430556 | Y12: =IF(AND(VALUE(CONCATENATE(T12,S12))>=Parametros!$B$11,VALUE(CONCATENATE(T12,S12))<=Parametros!$C$11),Parametros!$A$11,IF(AND(VALUE(CONCATENATE(T12,S12))>=Parametros!$B$12,VALUE(CONCATENATE(T12,S12))<=Parametros!$C$12),Parametros!$A$12,IF(AND(VALUE(CONCATENATE(T12,S12))>=Parametros!$B$13,VALUE(CONCATENATE(T12,S12))<=Parametros!$C$13),Parametros!$A$13,Parametros!$A$10))) -> Verano
H13: =IF(AND(A13<>"",B13<>""),"B-738","") | K13: =IF(AND(C13<U13,F13>U13,F13<=V13,C13<F13),F13-U13,0)*24+IF(AND(C13>=U13,F13<=V13,C13<F13),F13-C13,0)*24+ IF(AND(C13>=U13,C13<=V13,C13<F13,F13>V13,F13<VALUE("24:00")),V13-C13,0)*24+IF(AND(C13>=U13,C13<=V13,F13>=VALUE("00:00"),F13<U13),V13-C13,0)*24 -> 0 | L13: =IF(AND((C13)<V13,(F13)<U13,C13<=F13),(F13)-(C13),0)*24+IF(AND(C13<U13,F13>U13,F13<=V13,C13<F13),U13-C13,0)*24+IF(AND(C13>=U13,C13<=V13,C13<F13,F13>V13,F13<VALUE("24:00")),F13-V13,0)*24+IF(AND(C13<F13,"24:00">F13,C13>V13,F13>V13),F13-C13,0)*24+IF(AND(C13>=U13,C13<=V13,F13>VALUE("00:00"),F13<U13),VALUE("24:00")-V13+F13,0)*24+IF(AND(C13>V13,F13<C13,F13<U13,F13>=VALUE("00:00")),VALUE("24:00")-C13+F13,0)*24 -> 0 | M13: =IF(F13<>"",1,0) -> 0 | P13: =K13+L13 -> 0 | S13: =CONCATENATE(REPT("0",2-LEN(A13)),A13) -> 00 | T13: =CONCATENATE(REPT("0",2-LEN(B13)),B13) -> 00 | U13: =IFERROR(VLOOKUP(Y13,Parametros!$A$10:$G$13,4,0),0) -> 0.375 | V13: =IFERROR(VLOOKUP(Y13,Parametros!$A$10:$G$13,5,0),0) -> 0.95833333 | W13: =IFERROR(VLOOKUP(Y13,Parametros!$A$10:$G$13,6,0),0) -> 0.95902778 | X13: =IFERROR(VLOOKUP(Y13,Parametros!$A$10:$G$13,7,0),0) -> 0.37430556 | Y13: =IF(AND(VALUE(CONCATENATE(T13,S13))>=Parametros!$B$11,VALUE(CONCATENATE(T13,S13))<=Parametros!$C$11),Parametros!$A$11,IF(AND(VALUE(CONCATENATE(T13,S13))>=Parametros!$B$12,VALUE(CONCATENATE(T13,S13))<=Parametros!$C$12),Parametros!$A$12,IF(AND(VALUE(CONCATENATE(T13,S13))>=Parametros!$B$13,VALUE(CONCATENATE(T13,S13))<=Parametros!$C$13),Parametros!$A$13,Parametros!$A$10))) -> Verano
H14: =IF(AND(A14<>"",B14<>""),"B-738","") | K14: =IF(AND(C14<U14,F14>U14,F14<=V14,C14<F14),F14-U14,0)*24+IF(AND(C14>=U14,F14<=V14,C14<F14),F14-C14,0)*24+ IF(AND(C14>=U14,C14<=V14,C14<F14,F14>V14,F14<VALUE("24:00")),V14-C14,0)*24+IF(AND(C14>=U14,C14<=V14,F14>=VALUE("00:00"),F14<U14),V14-C14,0)*24 -> 0 | L14: =IF(AND((C14)<V14,(F14)<U14,C14<=F14),(F14)-(C14),0)*24+IF(AND(C14<U14,F14>U14,F14<=V14,C14<F14),U14-C14,0)*24+IF(AND(C14>=U14,C14<=V14,C14<F14,F14>V14,F14<VALUE("24:00")),F14-V14,0)*24+IF(AND(C14<F14,"24:00">F14,C14>V14,F14>V14),F14-C14,0)*24+IF(AND(C14>=U14,C14<=V14,F14>VALUE("00:00"),F14<U14),VALUE("24:00")-V14+F14,0)*24+IF(AND(C14>V14,F14<C14,F14<U14,F14>=VALUE("00:00")),VALUE("24:00")-C14+F14,0)*24 -> 0 | M14: =IF(F14<>"",1,0) -> 0 | P14: =K14+L14 -> 0 | S14: =CONCATENATE(REPT("0",2-LEN(A14)),A14) -> 00 | T14: =CONCATENATE(REPT("0",2-LEN(B14)),B14) -> 00 | U14: =IFERROR(VLOOKUP(Y14,Parametros!$A$10:$G$13,4,0),0) -> 0.375 | V14: =IFERROR(VLOOKUP(Y14,Parametros!$A$10:$G$13,5,0),0) -> 0.95833333 | W14: =IFERROR(VLOOKUP(Y14,Parametros!$A$10:$G$13,6,0),0) -> 0.95902778 | X14: =IFERROR(VLOOKUP(Y14,Parametros!$A$10:$G$13,7,0),0) -> 0.37430556 | Y14: =IF(AND(VALUE(CONCATENATE(T14,S14))>=Parametros!$B$11,VALUE(CONCATENATE(T14,S14))<=Parametros!$C$11),Parametros!$A$11,IF(AND(VALUE(CONCATENATE(T14,S14))>=Parametros!$B$12,VALUE(CONCATENATE(T14,S14))<=Parametros!$C$12),Parametros!$A$12,IF(AND(VALUE(CONCATENATE(T14,S14))>=Parametros!$B$13,VALUE(CONCATENATE(T14,S14))<=Parametros!$C$13),Parametros!$A$13,Parametros!$A$10))) -> Verano
H15: =IF(AND(A15<>"",B15<>""),"B-738","") | K15: =IF(AND(C15<U15,F15>U15,F15<=V15,C15<F15),F15-U15,0)*24+IF(AND(C15>=U15,F15<=V15,C15<F15),F15-C15,0)*24+ IF(AND(C15>=U15,C15<=V15,C15<F15,F15>V15,F15<VALUE("24:00")),V15-C15,0)*24+IF(AND(C15>=U15,C15<=V15,F15>=VALUE("00:00"),F15<U15),V15-C15,0)*24 -> 0 | L15: =IF(AND((C15)<V15,(F15)<U15,C15<=F15),(F15)-(C15),0)*24+IF(AND(C15<U15,F15>U15,F15<=V15,C15<F15),U15-C15,0)*24+IF(AND(C15>=U15,C15<=V15,C15<F15,F15>V15,F15<VALUE("24:00")),F15-V15,0)*24+IF(AND(C15<F15,"24:00">F15,C15>V15,F15>V15),F15-C15,0)*24+IF(AND(C15>=U15,C15<=V15,F15>VALUE("00:00"),F15<U15),VALUE("24:00")-V15+F15,0)*24+IF(AND(C15>V15,F15<C15,F15<U15,F15>=VALUE("00:00")),VALUE("24:00")-C15+F15,0)*24 -> 0 | M15: =IF(F15<>"",1,0) -> 0 | P15: =K15+L15 -> 0 | S15: =CONCATENATE(REPT("0",2-LEN(A15)),A15) -> 00 | T15: =CONCATENATE(REPT("0",2-LEN(B15)),B15) -> 00 | U15: =IFERROR(VLOOKUP(Y15,Parametros!$A$10:$G$13,4,0),0) -> 0.375 | V15: =IFERROR(VLOOKUP(Y15,Parametros!$A$10:$G$13,5,0),0) -> 0.95833333 | W15: =IFERROR(VLOOKUP(Y15,Parametros!$A$10:$G$13,6,0),0) -> 0.95902778 | X15: =IFERROR(VLOOKUP(Y15,Parametros!$A$10:$G$13,7,0),0) -> 0.37430556 | Y15: =IF(AND(VALUE(CONCATENATE(T15,S15))>=Parametros!$B$11,VALUE(CONCATENATE(T15,S15))<=Parametros!$C$11),Parametros!$A$11,IF(AND(VALUE(CONCATENATE(T15,S15))>=Parametros!$B$12,VALUE(CONCATENATE(T15,S15))<=Parametros!$C$12),Parametros!$A$12,IF(AND(VALUE(CONCATENATE(T15,S15))>=Parametros!$B$13,VALUE(CONCATENATE(T15,S15))<=Parametros!$C$13),Parametros!$A$13,Parametros!$A$10))) -> Verano
H16: =IF(AND(A16<>"",B16<>""),"B-738","") | K16: =IF(AND(C16<U16,F16>U16,F16<=V16,C16<F16),F16-U16,0)*24+IF(AND(C16>=U16,F16<=V16,C16<F16),F16-C16,0)*24+ IF(AND(C16>=U16,C16<=V16,C16<F16,F16>V16,F16<VALUE("24:00")),V16-C16,0)*24+IF(AND(C16>=U16,C16<=V16,F16>=VALUE("00:00"),F16<U16),V16-C16,0)*24 -> 0 | L16: =IF(AND((C16)<V16,(F16)<U16,C16<=F16),(F16)-(C16),0)*24+IF(AND(C16<U16,F16>U16,F16<=V16,C16<F16),U16-C16,0)*24+IF(AND(C16>=U16,C16<=V16,C16<F16,F16>V16,F16<VALUE("24:00")),F16-V16,0)*24+IF(AND(C16<F16,"24:00">F16,C16>V16,F16>V16),F16-C16,0)*24+IF(AND(C16>=U16,C16<=V16,F16>VALUE("00:00"),F16<U16),VALUE("24:00")-V16+F16,0)*24+IF(AND(C16>V16,F16<C16,F16<U16,F16>=VALUE("00:00")),VALUE("24:00")-C16+F16,0)*24 -> 0 | M16: =IF(F16<>"",1,0) -> 0 | P16: =K16+L16 -> 0 | S16: =CONCATENATE(REPT("0",2-LEN(A16)),A16) -> 00 | T16: =CONCATENATE(REPT("0",2-LEN(B16)),B16) -> 00 | U16: =IFERROR(VLOOKUP(Y16,Parametros!$A$10:$G$13,4,0),0) -> 0.375 | V16: =IFERROR(VLOOKUP(Y16,Parametros!$A$10:$G$13,5,0),0) -> 0.95833333 | W16: =IFERROR(VLOOKUP(Y16,Parametros!$A$10:$G$13,6,0),0) -> 0.95902778 | X16: =IFERROR(VLOOKUP(Y16,Parametros!$A$10:$G$13,7,0),0) -> 0.37430556 | Y16: =IF(AND(VALUE(CONCATENATE(T16,S16))>=Parametros!$B$11,VALUE(CONCATENATE(T16,S16))<=Parametros!$C$11),Parametros!$A$11,IF(AND(VALUE(CONCATENATE(T16,S16))>=Parametros!$B$12,VALUE(CONCATENATE(T16,S16))<=Parametros!$C$12),Parametros!$A$12,IF(AND(VALUE(CONCATENATE(T16,S16))>=Parametros!$B$13,VALUE(CONCATENATE(T16,S16))<=Parametros!$C$13),Parametros!$A$13,Parametros!$A$10))) -> Verano
